family,sampler,complexity,entropy,experiment,algorithm,samples_seen,excess_evaluation_nll
gaussian,matched,M1,High entropy,0,SGD,0,0.010327866729190838
gaussian,matched,M1,High entropy,0,SGD,1000,0.00914240542560707
gaussian,matched,M1,High entropy,0,SGD,2000,0.0077501535531041554
gaussian,matched,M1,High entropy,0,SGD,3000,0.007144489569928858
gaussian,matched,M1,High entropy,0,SGD,4000,0.0065374179394313
gaussian,matched,M1,High entropy,0,SGD,5000,0.0067734035932556225
gaussian,matched,M1,High entropy,0,SGD,6000,0.0067377341929946155
gaussian,matched,M1,High entropy,0,SGD,7000,0.00589883588506579
gaussian,matched,M1,High entropy,0,SGD,8000,0.005234311256609558
gaussian,matched,M1,High entropy,0,SGD,9000,0.004941414758541818
gaussian,matched,M1,High entropy,0,SGD,10000,0.004885207476283071
gaussian,matched,M1,High entropy,0,SGD,11000,0.0048283937448703185
gaussian,matched,M1,High entropy,0,SGD,12000,0.004807602342644657
gaussian,matched,M1,High entropy,0,SGD,13000,0.004724617851206592
gaussian,matched,M1,High entropy,0,SGD,14000,0.004545201390499631
gaussian,matched,M1,High entropy,0,SGD,15000,0.0045720835897617995
gaussian,matched,M1,High entropy,0,SGD,16000,0.0039292583921266555
gaussian,matched,M1,High entropy,0,SGD,17000,0.0038396328092349385
gaussian,matched,M1,High entropy,0,SGD,18000,0.0038267532017624006
gaussian,matched,M1,High entropy,0,SGD,19000,0.0035674463984451954
gaussian,matched,M1,High entropy,0,SGD,20000,0.0033369114587080695
gaussian,matched,M1,High entropy,0,SGD,21000,0.0035015980158514814
gaussian,matched,M1,High entropy,0,SGD,22000,0.003156035241186572
gaussian,matched,M1,High entropy,0,SGD,23000,0.003222670640601333
gaussian,matched,M1,High entropy,0,SGD,24000,0.003135522401219948
gaussian,matched,M1,High entropy,0,SGD,25000,0.0037357838635574403
gaussian,matched,M1,High entropy,0,SGD,26000,0.00404820081203594
gaussian,matched,M1,High entropy,0,SGD,27000,0.0038239617651387725
gaussian,matched,M1,High entropy,0,SGD,28000,0.003873487818553123
gaussian,matched,M1,High entropy,0,SGD,29000,0.0037534153970884
gaussian,matched,M1,High entropy,0,SGD,30000,0.003331570341860157
gaussian,matched,M1,High entropy,0,SGD,31000,0.0032837200384872034
gaussian,matched,M1,High entropy,0,SGD,32000,0.003583933456941857
gaussian,matched,M1,High entropy,0,SGD,33000,0.0029538221052169966
gaussian,matched,M1,High entropy,0,SGD,34000,0.0032981792525852427
gaussian,matched,M1,High entropy,0,SGD,35000,0.0033042712300481725
gaussian,matched,M1,High entropy,0,SGD,36000,0.003386798952089265
gaussian,matched,M1,High entropy,0,SGD,37000,0.0032224333364512248
gaussian,matched,M1,High entropy,0,SGD,38000,0.003197830112041
gaussian,matched,M1,High entropy,0,SGD,39000,0.0029006171436765094
gaussian,matched,M1,High entropy,0,SGD,40000,0.0029531209531530322
gaussian,matched,M1,High entropy,0,SGD,41000,0.0025942764268496177
gaussian,matched,M1,High entropy,0,SGD,42000,0.002883372350144242
gaussian,matched,M1,High entropy,0,SGD,43000,0.003034615100036664
gaussian,matched,M1,High entropy,0,SGD,44000,0.0028546728694225365
gaussian,matched,M1,High entropy,0,SGD,45000,0.002694252450061274
gaussian,matched,M1,High entropy,0,SGD,46000,0.0028291103661124417
gaussian,matched,M1,High entropy,0,SGD,47000,0.0031134939783075133
gaussian,matched,M1,High entropy,0,SGD,48000,0.0031230486664939328
gaussian,matched,M1,High entropy,0,SGD,49000,0.003256868803822144
gaussian,matched,M1,High entropy,0,SGD,50000,0.0031809934422435404
gaussian,matched,M1,High entropy,0,SGD,51000,0.0035125963045374853
gaussian,matched,M1,High entropy,0,SGD,52000,0.0034837757519188273
gaussian,matched,M1,High entropy,0,SGD,53000,0.003524005922287188
gaussian,matched,M1,High entropy,0,SGD,54000,0.003239634228552113
gaussian,matched,M1,High entropy,0,SGD,55000,0.0035614268173156383
gaussian,matched,M1,High entropy,0,SGD,56000,0.003424570205960542
gaussian,matched,M1,High entropy,0,SGD,57000,0.003382418682584376
gaussian,matched,M1,High entropy,0,SGD,58000,0.0032072595282635064
gaussian,matched,M1,High entropy,0,SGD,59000,0.0029209392512714594
gaussian,matched,M1,High entropy,0,SGD,60000,0.00319076695825693
gaussian,matched,M1,High entropy,0,SGD,61000,0.003072823597138008
gaussian,matched,M1,High entropy,0,SGD,62000,0.002997701853340029
gaussian,matched,M1,High entropy,0,SGD,63000,0.0029169688262751237
gaussian,matched,M1,High entropy,0,SGD,64000,0.00305193802399506
gaussian,matched,M1,High entropy,0,SGD,65000,0.0030982035392086438
gaussian,matched,M1,High entropy,0,SGD,66000,0.002602440464193112
gaussian,matched,M1,High entropy,0,SGD,67000,0.002609522372314821
gaussian,matched,M1,High entropy,0,SGD,68000,0.0027596480235900778
gaussian,matched,M1,High entropy,0,SGD,69000,0.0028296788838497733
gaussian,matched,M1,High entropy,0,SGD,70000,0.0031538916825497587
gaussian,matched,M1,High entropy,0,SGD,71000,0.0030428302418856745
gaussian,matched,M1,High entropy,0,SGD,72000,0.002807249153038427
gaussian,matched,M1,High entropy,0,SGD,73000,0.002742042281470791
gaussian,matched,M1,High entropy,0,SGD,74000,0.002365416684865007
gaussian,matched,M1,High entropy,0,SGD,75000,0.0026565770716935333
gaussian,matched,M1,High entropy,0,SGD,76000,0.0029254303031898132
gaussian,matched,M1,High entropy,0,SGD,77000,0.002737980834075504
gaussian,matched,M1,High entropy,0,SGD,78000,0.0025415681236391485
gaussian,matched,M1,High entropy,0,SGD,79000,0.002417942069780743
gaussian,matched,M1,High entropy,0,SGD,80000,0.0025747584307267424
gaussian,matched,M1,High entropy,0,SGD,81000,0.0027285787845805487
gaussian,matched,M1,High entropy,0,SGD,82000,0.002677924908638829
gaussian,matched,M1,High entropy,0,SGD,83000,0.0029263873300640064
gaussian,matched,M1,High entropy,0,SGD,84000,0.002553223846180508
gaussian,matched,M1,High entropy,0,SGD,85000,0.0023837387174068247
gaussian,matched,M1,High entropy,0,SGD,86000,0.0022611017887821383
gaussian,matched,M1,High entropy,0,SGD,87000,0.0020814975837941674
gaussian,matched,M1,High entropy,0,SGD,88000,0.0018021080127605948
gaussian,matched,M1,High entropy,0,SGD,89000,0.0017379049147119296
gaussian,matched,M1,High entropy,0,SGD,90000,0.002019823580096336
gaussian,matched,M1,High entropy,0,SGD,91000,0.002347937380847487
gaussian,matched,M1,High entropy,0,SGD,92000,0.0022617406725489175
gaussian,matched,M1,High entropy,0,SGD,93000,0.0019728280887867378
gaussian,matched,M1,High entropy,0,SGD,94000,0.0020212768989944507
gaussian,matched,M1,High entropy,0,SGD,95000,0.0019919180222482957
gaussian,matched,M1,High entropy,0,SGD,96000,0.001778209338687109
gaussian,matched,M1,High entropy,0,SGD,97000,0.0019570753416457976
gaussian,matched,M1,High entropy,0,SGD,98000,0.0019276929533007525
gaussian,matched,M1,High entropy,0,SGD,99000,0.0018733479553909582
gaussian,matched,M1,High entropy,0,SGD,100000,0.0020875749321409565
gaussian,matched,M1,High entropy,0,AdaGrad,0,0.010327866729190838
gaussian,matched,M1,High entropy,0,AdaGrad,1000,0.0093792291939514
gaussian,matched,M1,High entropy,0,AdaGrad,2000,0.008239627191415355
gaussian,matched,M1,High entropy,0,AdaGrad,3000,0.007598970568636787
gaussian,matched,M1,High entropy,0,AdaGrad,4000,0.007084345125904168
gaussian,matched,M1,High entropy,0,AdaGrad,5000,0.007069145454102532
gaussian,matched,M1,High entropy,0,AdaGrad,6000,0.006924576842599617
gaussian,matched,M1,High entropy,0,AdaGrad,7000,0.006446257186154547
gaussian,matched,M1,High entropy,0,AdaGrad,8000,0.00617374731876863
gaussian,matched,M1,High entropy,0,AdaGrad,9000,0.0059336346281302355
gaussian,matched,M1,High entropy,0,AdaGrad,10000,0.005803534881660077
gaussian,matched,M1,High entropy,0,AdaGrad,11000,0.005659744265851696
gaussian,matched,M1,High entropy,0,AdaGrad,12000,0.005493403449391199
gaussian,matched,M1,High entropy,0,AdaGrad,13000,0.005293529313590284
gaussian,matched,M1,High entropy,0,AdaGrad,14000,0.005198043268005659
gaussian,matched,M1,High entropy,0,AdaGrad,15000,0.005041572383122528
gaussian,matched,M1,High entropy,0,AdaGrad,16000,0.004745785503547761
gaussian,matched,M1,High entropy,0,AdaGrad,17000,0.004548665921544348
gaussian,matched,M1,High entropy,0,AdaGrad,18000,0.00446965422084844
gaussian,matched,M1,High entropy,0,AdaGrad,19000,0.0042610194463175155
gaussian,matched,M1,High entropy,0,AdaGrad,20000,0.00407589169699385
gaussian,matched,M1,High entropy,0,AdaGrad,21000,0.003960564755939533
gaussian,matched,M1,High entropy,0,AdaGrad,22000,0.0038340790969497718
gaussian,matched,M1,High entropy,0,AdaGrad,23000,0.003751674873178956
gaussian,matched,M1,High entropy,0,AdaGrad,24000,0.003655087706746496
gaussian,matched,M1,High entropy,0,AdaGrad,25000,0.003637143976745083
gaussian,matched,M1,High entropy,0,AdaGrad,26000,0.0036337732883198193
gaussian,matched,M1,High entropy,0,AdaGrad,27000,0.003535109986008589
gaussian,matched,M1,High entropy,0,AdaGrad,28000,0.00347878850904193
gaussian,matched,M1,High entropy,0,AdaGrad,29000,0.003381672358329091
gaussian,matched,M1,High entropy,0,AdaGrad,30000,0.003209697905209641
gaussian,matched,M1,High entropy,0,AdaGrad,31000,0.0031268812709086546
gaussian,matched,M1,High entropy,0,AdaGrad,32000,0.0030673571299928426
gaussian,matched,M1,High entropy,0,AdaGrad,33000,0.0029656801765112206
gaussian,matched,M1,High entropy,0,AdaGrad,34000,0.0029623241783118814
gaussian,matched,M1,High entropy,0,AdaGrad,35000,0.0028344516940403963
gaussian,matched,M1,High entropy,0,AdaGrad,36000,0.002821803626102515
gaussian,matched,M1,High entropy,0,AdaGrad,37000,0.0027577592853287314
gaussian,matched,M1,High entropy,0,AdaGrad,38000,0.0026789491943532973
gaussian,matched,M1,High entropy,0,AdaGrad,39000,0.0025705405034699425
gaussian,matched,M1,High entropy,0,AdaGrad,40000,0.0025249663006254863
gaussian,matched,M1,High entropy,0,AdaGrad,41000,0.002449800382976708
gaussian,matched,M1,High entropy,0,AdaGrad,42000,0.0024561207999926893
gaussian,matched,M1,High entropy,0,AdaGrad,43000,0.0024463733218968997
gaussian,matched,M1,High entropy,0,AdaGrad,44000,0.0023771442502544815
gaussian,matched,M1,High entropy,0,AdaGrad,45000,0.002319397700212722
gaussian,matched,M1,High entropy,0,AdaGrad,46000,0.002308536583137233
gaussian,matched,M1,High entropy,0,AdaGrad,47000,0.002339962092769987
gaussian,matched,M1,High entropy,0,AdaGrad,48000,0.002279772336366115
gaussian,matched,M1,High entropy,0,AdaGrad,49000,0.0022820997677603927
gaussian,matched,M1,High entropy,0,AdaGrad,50000,0.0022434662033727903
gaussian,matched,M1,High entropy,0,AdaGrad,51000,0.002237138466141264
gaussian,matched,M1,High entropy,0,AdaGrad,52000,0.0021525783576827884
gaussian,matched,M1,High entropy,0,AdaGrad,53000,0.002148823886949369
gaussian,matched,M1,High entropy,0,AdaGrad,54000,0.0020895812945287418
gaussian,matched,M1,High entropy,0,AdaGrad,55000,0.002104653264431988
gaussian,matched,M1,High entropy,0,AdaGrad,56000,0.0020753848164045685
gaussian,matched,M1,High entropy,0,AdaGrad,57000,0.002098643993023508
gaussian,matched,M1,High entropy,0,AdaGrad,58000,0.0020422081583846285
gaussian,matched,M1,High entropy,0,AdaGrad,59000,0.0019897407342375217
gaussian,matched,M1,High entropy,0,AdaGrad,60000,0.0019715770294292945
gaussian,matched,M1,High entropy,0,AdaGrad,61000,0.0019433530640671215
gaussian,matched,M1,High entropy,0,AdaGrad,62000,0.0019165822571167723
gaussian,matched,M1,High entropy,0,AdaGrad,63000,0.001870570053553955
gaussian,matched,M1,High entropy,0,AdaGrad,64000,0.001842962677954585
gaussian,matched,M1,High entropy,0,AdaGrad,65000,0.001832705470986351
gaussian,matched,M1,High entropy,0,AdaGrad,66000,0.0017566563087232367
gaussian,matched,M1,High entropy,0,AdaGrad,67000,0.0017541177039652744
gaussian,matched,M1,High entropy,0,AdaGrad,68000,0.0017028409844814796
gaussian,matched,M1,High entropy,0,AdaGrad,69000,0.0016749600222896177
gaussian,matched,M1,High entropy,0,AdaGrad,70000,0.001700548657805001
gaussian,matched,M1,High entropy,0,AdaGrad,71000,0.0016868712778883577
gaussian,matched,M1,High entropy,0,AdaGrad,72000,0.001669888981247869
gaussian,matched,M1,High entropy,0,AdaGrad,73000,0.0016661976387206678
gaussian,matched,M1,High entropy,0,AdaGrad,74000,0.0016190405928804275
gaussian,matched,M1,High entropy,0,AdaGrad,75000,0.0016195612347296162
gaussian,matched,M1,High entropy,0,AdaGrad,76000,0.0016168437622288145
gaussian,matched,M1,High entropy,0,AdaGrad,77000,0.0015973099233170807
gaussian,matched,M1,High entropy,0,AdaGrad,78000,0.0015745820213095563
gaussian,matched,M1,High entropy,0,AdaGrad,79000,0.0015698449886061283
gaussian,matched,M1,High entropy,0,AdaGrad,80000,0.0015924879843107753
gaussian,matched,M1,High entropy,0,AdaGrad,81000,0.0015972090330267363
gaussian,matched,M1,High entropy,0,AdaGrad,82000,0.0015671843864155655
gaussian,matched,M1,High entropy,0,AdaGrad,83000,0.0015587719236842545
gaussian,matched,M1,High entropy,0,AdaGrad,84000,0.0015224438096095305
gaussian,matched,M1,High entropy,0,AdaGrad,85000,0.0014582448392057579
gaussian,matched,M1,High entropy,0,AdaGrad,86000,0.001415802273997624
gaussian,matched,M1,High entropy,0,AdaGrad,87000,0.0013864388102287073
gaussian,matched,M1,High entropy,0,AdaGrad,88000,0.0013399953947503818
gaussian,matched,M1,High entropy,0,AdaGrad,89000,0.001331460584713895
gaussian,matched,M1,High entropy,0,AdaGrad,90000,0.0013353579060320087
gaussian,matched,M1,High entropy,0,AdaGrad,91000,0.0013719288982128042
gaussian,matched,M1,High entropy,0,AdaGrad,92000,0.0013462634053946765
gaussian,matched,M1,High entropy,0,AdaGrad,93000,0.0013089997229380756
gaussian,matched,M1,High entropy,0,AdaGrad,94000,0.0012941034374862603
gaussian,matched,M1,High entropy,0,AdaGrad,95000,0.0012698760525515773
gaussian,matched,M1,High entropy,0,AdaGrad,96000,0.001231545583537219
gaussian,matched,M1,High entropy,0,AdaGrad,97000,0.0012367995504392049
gaussian,matched,M1,High entropy,0,AdaGrad,98000,0.0012067025864719305
gaussian,matched,M1,High entropy,0,AdaGrad,99000,0.0012037114921308323
gaussian,matched,M1,High entropy,0,AdaGrad,100000,0.0012063974993208326
gaussian,matched,M1,High entropy,0,DSNGD,0,0.010327866729190838
gaussian,matched,M1,High entropy,0,DSNGD,1000,0.009062264998525915
gaussian,matched,M1,High entropy,0,DSNGD,2000,0.007518891219858492
gaussian,matched,M1,High entropy,0,DSNGD,3000,0.0068266655487359
gaussian,matched,M1,High entropy,0,DSNGD,4000,0.006163974646645087
gaussian,matched,M1,High entropy,0,DSNGD,5000,0.0064222257267219085
gaussian,matched,M1,High entropy,0,DSNGD,6000,0.006464076870268176
gaussian,matched,M1,High entropy,0,DSNGD,7000,0.005628084245883791
gaussian,matched,M1,High entropy,0,DSNGD,8000,0.004899814519216061
gaussian,matched,M1,High entropy,0,DSNGD,9000,0.004621587942700511
gaussian,matched,M1,High entropy,0,DSNGD,10000,0.004586792197164069
gaussian,matched,M1,High entropy,0,DSNGD,11000,0.0044519504789519715
gaussian,matched,M1,High entropy,0,DSNGD,12000,0.004425949665818774
gaussian,matched,M1,High entropy,0,DSNGD,13000,0.004335102302093219
gaussian,matched,M1,High entropy,0,DSNGD,14000,0.004189384833284127
gaussian,matched,M1,High entropy,0,DSNGD,15000,0.004235515409678037
gaussian,matched,M1,High entropy,0,DSNGD,16000,0.003623304643336933
gaussian,matched,M1,High entropy,0,DSNGD,17000,0.0035855155564807895
gaussian,matched,M1,High entropy,0,DSNGD,18000,0.0035344463192301667
gaussian,matched,M1,High entropy,0,DSNGD,19000,0.003276774962413853
gaussian,matched,M1,High entropy,0,DSNGD,20000,0.0030289132686789344
gaussian,matched,M1,High entropy,0,DSNGD,21000,0.0031930684266523457
gaussian,matched,M1,High entropy,0,DSNGD,22000,0.0028841742862915076
gaussian,matched,M1,High entropy,0,DSNGD,23000,0.002991689049951507
gaussian,matched,M1,High entropy,0,DSNGD,24000,0.002911581747558234
gaussian,matched,M1,High entropy,0,DSNGD,25000,0.0035067338432974715
gaussian,matched,M1,High entropy,0,DSNGD,26000,0.0038756767754830612
gaussian,matched,M1,High entropy,0,DSNGD,27000,0.0036442825165594606
gaussian,matched,M1,High entropy,0,DSNGD,28000,0.003657041939024719
gaussian,matched,M1,High entropy,0,DSNGD,29000,0.003517308467416491
gaussian,matched,M1,High entropy,0,DSNGD,30000,0.0031436227992300836
gaussian,matched,M1,High entropy,0,DSNGD,31000,0.003053725520073769
gaussian,matched,M1,High entropy,0,DSNGD,32000,0.0033036280047293864
gaussian,matched,M1,High entropy,0,DSNGD,33000,0.002740393191893009
gaussian,matched,M1,High entropy,0,DSNGD,34000,0.003056813417167792
gaussian,matched,M1,High entropy,0,DSNGD,35000,0.0029986708963645192
gaussian,matched,M1,High entropy,0,DSNGD,36000,0.0031566046017070803
gaussian,matched,M1,High entropy,0,DSNGD,37000,0.0029736161318631993
gaussian,matched,M1,High entropy,0,DSNGD,38000,0.0029712480782202455
gaussian,matched,M1,High entropy,0,DSNGD,39000,0.0027423789396618936
gaussian,matched,M1,High entropy,0,DSNGD,40000,0.0028549523426342205
gaussian,matched,M1,High entropy,0,DSNGD,41000,0.0025669713849341136
gaussian,matched,M1,High entropy,0,DSNGD,42000,0.0028446800043355758
gaussian,matched,M1,High entropy,0,DSNGD,43000,0.0029584240788804728
gaussian,matched,M1,High entropy,0,DSNGD,44000,0.0028946769789497395
gaussian,matched,M1,High entropy,0,DSNGD,45000,0.0027951219376260994
gaussian,matched,M1,High entropy,0,DSNGD,46000,0.0028719090454143448
gaussian,matched,M1,High entropy,0,DSNGD,47000,0.003139546864229459
gaussian,matched,M1,High entropy,0,DSNGD,48000,0.0030626057373286386
gaussian,matched,M1,High entropy,0,DSNGD,49000,0.003175570116632276
gaussian,matched,M1,High entropy,0,DSNGD,50000,0.003078915470407839
gaussian,matched,M1,High entropy,0,DSNGD,51000,0.0033876429581853884
gaussian,matched,M1,High entropy,0,DSNGD,52000,0.0033717219104052454
gaussian,matched,M1,High entropy,0,DSNGD,53000,0.0033695026923679094
gaussian,matched,M1,High entropy,0,DSNGD,54000,0.0030985124422775456
gaussian,matched,M1,High entropy,0,DSNGD,55000,0.003392803984142656
gaussian,matched,M1,High entropy,0,DSNGD,56000,0.003256350507335526
gaussian,matched,M1,High entropy,0,DSNGD,57000,0.00327626646614787
gaussian,matched,M1,High entropy,0,DSNGD,58000,0.0031158437853662235
gaussian,matched,M1,High entropy,0,DSNGD,59000,0.002796199223161988
gaussian,matched,M1,High entropy,0,DSNGD,60000,0.0030966232575777575
gaussian,matched,M1,High entropy,0,DSNGD,61000,0.002958193424383193
gaussian,matched,M1,High entropy,0,DSNGD,62000,0.0029015939808640923
gaussian,matched,M1,High entropy,0,DSNGD,63000,0.0027894435731385947
gaussian,matched,M1,High entropy,0,DSNGD,64000,0.0029617232795300374
gaussian,matched,M1,High entropy,0,DSNGD,65000,0.0030319000669760676
gaussian,matched,M1,High entropy,0,DSNGD,66000,0.002575804029411266
gaussian,matched,M1,High entropy,0,DSNGD,67000,0.002590950477030951
gaussian,matched,M1,High entropy,0,DSNGD,68000,0.002719976762498799
gaussian,matched,M1,High entropy,0,DSNGD,69000,0.002795955131588368
gaussian,matched,M1,High entropy,0,DSNGD,70000,0.0031423534791086283
gaussian,matched,M1,High entropy,0,DSNGD,71000,0.002969468356390337
gaussian,matched,M1,High entropy,0,DSNGD,72000,0.0027311272896271
gaussian,matched,M1,High entropy,0,DSNGD,73000,0.0026426102998704515
gaussian,matched,M1,High entropy,0,DSNGD,74000,0.002301494682438232
gaussian,matched,M1,High entropy,0,DSNGD,75000,0.0025616128499335034
gaussian,matched,M1,High entropy,0,DSNGD,76000,0.0028534539233056044
gaussian,matched,M1,High entropy,0,DSNGD,77000,0.002733236772324954
gaussian,matched,M1,High entropy,0,DSNGD,78000,0.0025511431100992965
gaussian,matched,M1,High entropy,0,DSNGD,79000,0.0023819111315863672
gaussian,matched,M1,High entropy,0,DSNGD,80000,0.0025139556126911877
gaussian,matched,M1,High entropy,0,DSNGD,81000,0.002677638117376091
gaussian,matched,M1,High entropy,0,DSNGD,82000,0.0026626496826289703
gaussian,matched,M1,High entropy,0,DSNGD,83000,0.0029497277688865786
gaussian,matched,M1,High entropy,0,DSNGD,84000,0.0025537873873680006
gaussian,matched,M1,High entropy,0,DSNGD,85000,0.0023891796038117974
gaussian,matched,M1,High entropy,0,DSNGD,86000,0.002224131011296482
gaussian,matched,M1,High entropy,0,DSNGD,87000,0.002034733403241784
gaussian,matched,M1,High entropy,0,DSNGD,88000,0.0017247054512892213
gaussian,matched,M1,High entropy,0,DSNGD,89000,0.0016378878871439184
gaussian,matched,M1,High entropy,0,DSNGD,90000,0.00194401815110945
gaussian,matched,M1,High entropy,0,DSNGD,91000,0.002287671462356311
gaussian,matched,M1,High entropy,0,DSNGD,92000,0.002186388765103242
gaussian,matched,M1,High entropy,0,DSNGD,93000,0.0018817121858036856
gaussian,matched,M1,High entropy,0,DSNGD,94000,0.0019412673812371217
gaussian,matched,M1,High entropy,0,DSNGD,95000,0.0019318951047075927
gaussian,matched,M1,High entropy,0,DSNGD,96000,0.001737078985037499
gaussian,matched,M1,High entropy,0,DSNGD,97000,0.0019168185920204195
gaussian,matched,M1,High entropy,0,DSNGD,98000,0.00185230277112991
gaussian,matched,M1,High entropy,0,DSNGD,99000,0.0018569628427664853
gaussian,matched,M1,High entropy,0,DSNGD,100000,0.002127230607979591
gaussian,matched,M1,Medium entropy,0,SGD,0,0.44409198551326146
gaussian,matched,M1,Medium entropy,0,SGD,1000,0.08030724486351448
gaussian,matched,M1,Medium entropy,0,SGD,2000,0.04650547765230084
gaussian,matched,M1,Medium entropy,0,SGD,3000,0.03691048604994518
gaussian,matched,M1,Medium entropy,0,SGD,4000,0.02650871659347631
gaussian,matched,M1,Medium entropy,0,SGD,5000,0.02235290396535361
gaussian,matched,M1,Medium entropy,0,SGD,6000,0.018741926320853253
gaussian,matched,M1,Medium entropy,0,SGD,7000,0.018613101349525873
gaussian,matched,M1,Medium entropy,0,SGD,8000,0.01608826448735745
gaussian,matched,M1,Medium entropy,0,SGD,9000,0.014738712937636178
gaussian,matched,M1,Medium entropy,0,SGD,10000,0.013463583634921061
gaussian,matched,M1,Medium entropy,0,SGD,11000,0.013607537572622563
gaussian,matched,M1,Medium entropy,0,SGD,12000,0.012727968266137202
gaussian,matched,M1,Medium entropy,0,SGD,13000,0.012713469694277668
gaussian,matched,M1,Medium entropy,0,SGD,14000,0.011890008542539965
gaussian,matched,M1,Medium entropy,0,SGD,15000,0.010381163043743813
gaussian,matched,M1,Medium entropy,0,SGD,16000,0.010677474321574731
gaussian,matched,M1,Medium entropy,0,SGD,17000,0.0086754683834398
gaussian,matched,M1,Medium entropy,0,SGD,18000,0.00788985006362708
gaussian,matched,M1,Medium entropy,0,SGD,19000,0.008199915561931004
gaussian,matched,M1,Medium entropy,0,SGD,20000,0.0075296259627319895
gaussian,matched,M1,Medium entropy,0,SGD,21000,0.0075056400288244784
gaussian,matched,M1,Medium entropy,0,SGD,22000,0.0075375771485890475
gaussian,matched,M1,Medium entropy,0,SGD,23000,0.007338821031905196
gaussian,matched,M1,Medium entropy,0,SGD,24000,0.006653722847480337
gaussian,matched,M1,Medium entropy,0,SGD,25000,0.0061271861583529486
gaussian,matched,M1,Medium entropy,0,SGD,26000,0.006325982558547549
gaussian,matched,M1,Medium entropy,0,SGD,27000,0.006122793584432351
gaussian,matched,M1,Medium entropy,0,SGD,28000,0.005667594634971795
gaussian,matched,M1,Medium entropy,0,SGD,29000,0.00494785564385225
gaussian,matched,M1,Medium entropy,0,SGD,30000,0.004992817694146057
gaussian,matched,M1,Medium entropy,0,SGD,31000,0.004596020499697984
gaussian,matched,M1,Medium entropy,0,SGD,32000,0.004869255687497631
gaussian,matched,M1,Medium entropy,0,SGD,33000,0.005011167273106132
gaussian,matched,M1,Medium entropy,0,SGD,34000,0.00504980642595565
gaussian,matched,M1,Medium entropy,0,SGD,35000,0.005202201893557801
gaussian,matched,M1,Medium entropy,0,SGD,36000,0.005042981973236715
gaussian,matched,M1,Medium entropy,0,SGD,37000,0.004979975448136109
gaussian,matched,M1,Medium entropy,0,SGD,38000,0.004435688295713058
gaussian,matched,M1,Medium entropy,0,SGD,39000,0.0043744785822630305
gaussian,matched,M1,Medium entropy,0,SGD,40000,0.00462935631427186
gaussian,matched,M1,Medium entropy,0,SGD,41000,0.0048219627243879515
gaussian,matched,M1,Medium entropy,0,SGD,42000,0.0049502615638097325
gaussian,matched,M1,Medium entropy,0,SGD,43000,0.004986388385048723
gaussian,matched,M1,Medium entropy,0,SGD,44000,0.005021631834116302
gaussian,matched,M1,Medium entropy,0,SGD,45000,0.004737527985425816
gaussian,matched,M1,Medium entropy,0,SGD,46000,0.004373151990008983
gaussian,matched,M1,Medium entropy,0,SGD,47000,0.0041401556656264216
gaussian,matched,M1,Medium entropy,0,SGD,48000,0.004162566829090331
gaussian,matched,M1,Medium entropy,0,SGD,49000,0.003990694009873508
gaussian,matched,M1,Medium entropy,0,SGD,50000,0.00400088577108626
gaussian,matched,M1,Medium entropy,0,SGD,51000,0.0040243111845548185
gaussian,matched,M1,Medium entropy,0,SGD,52000,0.003863754472547276
gaussian,matched,M1,Medium entropy,0,SGD,53000,0.0038214706401902276
gaussian,matched,M1,Medium entropy,0,SGD,54000,0.003834474829482737
gaussian,matched,M1,Medium entropy,0,SGD,55000,0.0037541740637003773
gaussian,matched,M1,Medium entropy,0,SGD,56000,0.0036538572729349905
gaussian,matched,M1,Medium entropy,0,SGD,57000,0.0038810405179243723
gaussian,matched,M1,Medium entropy,0,SGD,58000,0.003851658323585694
gaussian,matched,M1,Medium entropy,0,SGD,59000,0.003738518483300979
gaussian,matched,M1,Medium entropy,0,SGD,60000,0.0036610416472651064
gaussian,matched,M1,Medium entropy,0,SGD,61000,0.0034507134257570904
gaussian,matched,M1,Medium entropy,0,SGD,62000,0.0034366725480732274
gaussian,matched,M1,Medium entropy,0,SGD,63000,0.003522098427746867
gaussian,matched,M1,Medium entropy,0,SGD,64000,0.0034400098023368297
gaussian,matched,M1,Medium entropy,0,SGD,65000,0.003358978159859749
gaussian,matched,M1,Medium entropy,0,SGD,66000,0.0032527800083890224
gaussian,matched,M1,Medium entropy,0,SGD,67000,0.0030948053742676507
gaussian,matched,M1,Medium entropy,0,SGD,68000,0.0032178700314147157
gaussian,matched,M1,Medium entropy,0,SGD,69000,0.003027855897201226
gaussian,matched,M1,Medium entropy,0,SGD,70000,0.002964539593447668
gaussian,matched,M1,Medium entropy,0,SGD,71000,0.0029930136575864186
gaussian,matched,M1,Medium entropy,0,SGD,72000,0.003078575539456452
gaussian,matched,M1,Medium entropy,0,SGD,73000,0.0031511641475430174
gaussian,matched,M1,Medium entropy,0,SGD,74000,0.0031764710356516623
gaussian,matched,M1,Medium entropy,0,SGD,75000,0.0030786820267567627
gaussian,matched,M1,Medium entropy,0,SGD,76000,0.00306398356140547
gaussian,matched,M1,Medium entropy,0,SGD,77000,0.0030115126574339346
gaussian,matched,M1,Medium entropy,0,SGD,78000,0.0030900568349090385
gaussian,matched,M1,Medium entropy,0,SGD,79000,0.003020507025000896
gaussian,matched,M1,Medium entropy,0,SGD,80000,0.0029377467982383276
gaussian,matched,M1,Medium entropy,0,SGD,81000,0.0029412632240002345
gaussian,matched,M1,Medium entropy,0,SGD,82000,0.0029889468866566293
gaussian,matched,M1,Medium entropy,0,SGD,83000,0.002850071778635277
gaussian,matched,M1,Medium entropy,0,SGD,84000,0.002895472974500324
gaussian,matched,M1,Medium entropy,0,SGD,85000,0.0030083925465194117
gaussian,matched,M1,Medium entropy,0,SGD,86000,0.002988736064522435
gaussian,matched,M1,Medium entropy,0,SGD,87000,0.0028760396152638368
gaussian,matched,M1,Medium entropy,0,SGD,88000,0.002888859423353596
gaussian,matched,M1,Medium entropy,0,SGD,89000,0.0029636014716509784
gaussian,matched,M1,Medium entropy,0,SGD,90000,0.0029337178851676082
gaussian,matched,M1,Medium entropy,0,SGD,91000,0.0028778266897115934
gaussian,matched,M1,Medium entropy,0,SGD,92000,0.0027843791335169232
gaussian,matched,M1,Medium entropy,0,SGD,93000,0.002721596188409281
gaussian,matched,M1,Medium entropy,0,SGD,94000,0.00265275802714271
gaussian,matched,M1,Medium entropy,0,SGD,95000,0.0025891165204887656
gaussian,matched,M1,Medium entropy,0,SGD,96000,0.002594036922098475
gaussian,matched,M1,Medium entropy,0,SGD,97000,0.002568516392223996
gaussian,matched,M1,Medium entropy,0,SGD,98000,0.002615631878041924
gaussian,matched,M1,Medium entropy,0,SGD,99000,0.0025984810578254525
gaussian,matched,M1,Medium entropy,0,SGD,100000,0.00268529480487123
gaussian,matched,M1,Medium entropy,0,AdaGrad,0,0.44409198551326146
gaussian,matched,M1,Medium entropy,0,AdaGrad,1000,0.18753343970901115
gaussian,matched,M1,Medium entropy,0,AdaGrad,2000,0.12552230354485094
gaussian,matched,M1,Medium entropy,0,AdaGrad,3000,0.10369891982870283
gaussian,matched,M1,Medium entropy,0,AdaGrad,4000,0.08540365859252597
gaussian,matched,M1,Medium entropy,0,AdaGrad,5000,0.07477841263903873
gaussian,matched,M1,Medium entropy,0,AdaGrad,6000,0.06624821874139064
gaussian,matched,M1,Medium entropy,0,AdaGrad,7000,0.06172384465100156
gaussian,matched,M1,Medium entropy,0,AdaGrad,8000,0.05497737189697727
gaussian,matched,M1,Medium entropy,0,AdaGrad,9000,0.04933174090290793
gaussian,matched,M1,Medium entropy,0,AdaGrad,10000,0.04491394232677104
gaussian,matched,M1,Medium entropy,0,AdaGrad,11000,0.04221208884751704
gaussian,matched,M1,Medium entropy,0,AdaGrad,12000,0.0384423991897791
gaussian,matched,M1,Medium entropy,0,AdaGrad,13000,0.03543490895935553
gaussian,matched,M1,Medium entropy,0,AdaGrad,14000,0.033145306181109335
gaussian,matched,M1,Medium entropy,0,AdaGrad,15000,0.03104484060226631
gaussian,matched,M1,Medium entropy,0,AdaGrad,16000,0.029681899641603726
gaussian,matched,M1,Medium entropy,0,AdaGrad,17000,0.02657655788246238
gaussian,matched,M1,Medium entropy,0,AdaGrad,18000,0.02319020164843466
gaussian,matched,M1,Medium entropy,0,AdaGrad,19000,0.022415039932634384
gaussian,matched,M1,Medium entropy,0,AdaGrad,20000,0.020236624797823843
gaussian,matched,M1,Medium entropy,0,AdaGrad,21000,0.02023028169854446
gaussian,matched,M1,Medium entropy,0,AdaGrad,22000,0.020276599704528886
gaussian,matched,M1,Medium entropy,0,AdaGrad,23000,0.0196754890315336
gaussian,matched,M1,Medium entropy,0,AdaGrad,24000,0.018680479041626397
gaussian,matched,M1,Medium entropy,0,AdaGrad,25000,0.018153525679019733
gaussian,matched,M1,Medium entropy,0,AdaGrad,26000,0.017776440401256144
gaussian,matched,M1,Medium entropy,0,AdaGrad,27000,0.016963632593742783
gaussian,matched,M1,Medium entropy,0,AdaGrad,28000,0.01605313542279463
gaussian,matched,M1,Medium entropy,0,AdaGrad,29000,0.014019812115682706
gaussian,matched,M1,Medium entropy,0,AdaGrad,30000,0.013745829496387918
gaussian,matched,M1,Medium entropy,0,AdaGrad,31000,0.013058355772146646
gaussian,matched,M1,Medium entropy,0,AdaGrad,32000,0.013397087355171644
gaussian,matched,M1,Medium entropy,0,AdaGrad,33000,0.013469649836971964
gaussian,matched,M1,Medium entropy,0,AdaGrad,34000,0.01366171974855157
gaussian,matched,M1,Medium entropy,0,AdaGrad,35000,0.01379159628482185
gaussian,matched,M1,Medium entropy,0,AdaGrad,36000,0.012503513205588623
gaussian,matched,M1,Medium entropy,0,AdaGrad,37000,0.012236995396026629
gaussian,matched,M1,Medium entropy,0,AdaGrad,38000,0.010935657133174681
gaussian,matched,M1,Medium entropy,0,AdaGrad,39000,0.011745517325666865
gaussian,matched,M1,Medium entropy,0,AdaGrad,40000,0.012018409185957424
gaussian,matched,M1,Medium entropy,0,AdaGrad,41000,0.012653696072288279
gaussian,matched,M1,Medium entropy,0,AdaGrad,42000,0.012887700952295855
gaussian,matched,M1,Medium entropy,0,AdaGrad,43000,0.013015468678558406
gaussian,matched,M1,Medium entropy,0,AdaGrad,44000,0.012647008246627234
gaussian,matched,M1,Medium entropy,0,AdaGrad,45000,0.011838526079090972
gaussian,matched,M1,Medium entropy,0,AdaGrad,46000,0.010532145045105024
gaussian,matched,M1,Medium entropy,0,AdaGrad,47000,0.009953523382384422
gaussian,matched,M1,Medium entropy,0,AdaGrad,48000,0.01012008983624657
gaussian,matched,M1,Medium entropy,0,AdaGrad,49000,0.009387317634791392
gaussian,matched,M1,Medium entropy,0,AdaGrad,50000,0.009888693446570285
gaussian,matched,M1,Medium entropy,0,AdaGrad,51000,0.010057000688334705
gaussian,matched,M1,Medium entropy,0,AdaGrad,52000,0.009385251826277141
gaussian,matched,M1,Medium entropy,0,AdaGrad,53000,0.009977225362058695
gaussian,matched,M1,Medium entropy,0,AdaGrad,54000,0.009719121248142004
gaussian,matched,M1,Medium entropy,0,AdaGrad,55000,0.009292255768415636
gaussian,matched,M1,Medium entropy,0,AdaGrad,56000,0.009125790448644588
gaussian,matched,M1,Medium entropy,0,AdaGrad,57000,0.009826342909210029
gaussian,matched,M1,Medium entropy,0,AdaGrad,58000,0.009777712620367085
gaussian,matched,M1,Medium entropy,0,AdaGrad,59000,0.009350604312935218
gaussian,matched,M1,Medium entropy,0,AdaGrad,60000,0.009460586358240652
gaussian,matched,M1,Medium entropy,0,AdaGrad,61000,0.008222094211769004
gaussian,matched,M1,Medium entropy,0,AdaGrad,62000,0.008482553960132977
gaussian,matched,M1,Medium entropy,0,AdaGrad,63000,0.008614465259224158
gaussian,matched,M1,Medium entropy,0,AdaGrad,64000,0.008571108092871427
gaussian,matched,M1,Medium entropy,0,AdaGrad,65000,0.008199231311772026
gaussian,matched,M1,Medium entropy,0,AdaGrad,66000,0.00808732731930295
gaussian,matched,M1,Medium entropy,0,AdaGrad,67000,0.007479440268868931
gaussian,matched,M1,Medium entropy,0,AdaGrad,68000,0.008021983472167538
gaussian,matched,M1,Medium entropy,0,AdaGrad,69000,0.007170811584007675
gaussian,matched,M1,Medium entropy,0,AdaGrad,70000,0.006954435499584077
gaussian,matched,M1,Medium entropy,0,AdaGrad,71000,0.007074987372922781
gaussian,matched,M1,Medium entropy,0,AdaGrad,72000,0.0075237484276211575
gaussian,matched,M1,Medium entropy,0,AdaGrad,73000,0.007752634047885065
gaussian,matched,M1,Medium entropy,0,AdaGrad,74000,0.007753523480117597
gaussian,matched,M1,Medium entropy,0,AdaGrad,75000,0.007272554162757183
gaussian,matched,M1,Medium entropy,0,AdaGrad,76000,0.007308993879119763
gaussian,matched,M1,Medium entropy,0,AdaGrad,77000,0.0072318852377830645
gaussian,matched,M1,Medium entropy,0,AdaGrad,78000,0.007454694925476124
gaussian,matched,M1,Medium entropy,0,AdaGrad,79000,0.007375395592867484
gaussian,matched,M1,Medium entropy,0,AdaGrad,80000,0.007010594869875764
gaussian,matched,M1,Medium entropy,0,AdaGrad,81000,0.007150012933921257
gaussian,matched,M1,Medium entropy,0,AdaGrad,82000,0.0075657891977944924
gaussian,matched,M1,Medium entropy,0,AdaGrad,83000,0.006986738316362873
gaussian,matched,M1,Medium entropy,0,AdaGrad,84000,0.0070221633281459805
gaussian,matched,M1,Medium entropy,0,AdaGrad,85000,0.007393354150422304
gaussian,matched,M1,Medium entropy,0,AdaGrad,86000,0.007204373589734248
gaussian,matched,M1,Medium entropy,0,AdaGrad,87000,0.006673062030094323
gaussian,matched,M1,Medium entropy,0,AdaGrad,88000,0.006817838803631515
gaussian,matched,M1,Medium entropy,0,AdaGrad,89000,0.007437840990378586
gaussian,matched,M1,Medium entropy,0,AdaGrad,90000,0.007144921263242621
gaussian,matched,M1,Medium entropy,0,AdaGrad,91000,0.006774585759870666
gaussian,matched,M1,Medium entropy,0,AdaGrad,92000,0.006594011989977444
gaussian,matched,M1,Medium entropy,0,AdaGrad,93000,0.00658665539072989
gaussian,matched,M1,Medium entropy,0,AdaGrad,94000,0.006171791397205917
gaussian,matched,M1,Medium entropy,0,AdaGrad,95000,0.005772104645011433
gaussian,matched,M1,Medium entropy,0,AdaGrad,96000,0.006201833901392062
gaussian,matched,M1,Medium entropy,0,AdaGrad,97000,0.006466529967850576
gaussian,matched,M1,Medium entropy,0,AdaGrad,98000,0.006214441103229662
gaussian,matched,M1,Medium entropy,0,AdaGrad,99000,0.006061624805390853
gaussian,matched,M1,Medium entropy,0,AdaGrad,100000,0.006286900511962568
gaussian,matched,M1,Medium entropy,0,DSNGD,0,0.44409198551326146
gaussian,matched,M1,Medium entropy,0,DSNGD,1000,0.05841313388255909
gaussian,matched,M1,Medium entropy,0,DSNGD,2000,0.027787492444924622
gaussian,matched,M1,Medium entropy,0,DSNGD,3000,0.02078841879164739
gaussian,matched,M1,Medium entropy,0,DSNGD,4000,0.015267359652210377
gaussian,matched,M1,Medium entropy,0,DSNGD,5000,0.012100160447693797
gaussian,matched,M1,Medium entropy,0,DSNGD,6000,0.010665701347240208
gaussian,matched,M1,Medium entropy,0,DSNGD,7000,0.010336089136774973
gaussian,matched,M1,Medium entropy,0,DSNGD,8000,0.009697326134271433
gaussian,matched,M1,Medium entropy,0,DSNGD,9000,0.009000281050894232
gaussian,matched,M1,Medium entropy,0,DSNGD,10000,0.007993096564037572
gaussian,matched,M1,Medium entropy,0,DSNGD,11000,0.008745975441558862
gaussian,matched,M1,Medium entropy,0,DSNGD,12000,0.007854925282415826
gaussian,matched,M1,Medium entropy,0,DSNGD,13000,0.00703776939132128
gaussian,matched,M1,Medium entropy,0,DSNGD,14000,0.00640288429495417
gaussian,matched,M1,Medium entropy,0,DSNGD,15000,0.006451268531572074
gaussian,matched,M1,Medium entropy,0,DSNGD,16000,0.00649384879634618
gaussian,matched,M1,Medium entropy,0,DSNGD,17000,0.0054494253198225096
gaussian,matched,M1,Medium entropy,0,DSNGD,18000,0.0043002558597771134
gaussian,matched,M1,Medium entropy,0,DSNGD,19000,0.003912946037676335
gaussian,matched,M1,Medium entropy,0,DSNGD,20000,0.0036023775151377
gaussian,matched,M1,Medium entropy,0,DSNGD,21000,0.0035367026932344725
gaussian,matched,M1,Medium entropy,0,DSNGD,22000,0.0038467851901127226
gaussian,matched,M1,Medium entropy,0,DSNGD,23000,0.004051639195668422
gaussian,matched,M1,Medium entropy,0,DSNGD,24000,0.0036086693859551655
gaussian,matched,M1,Medium entropy,0,DSNGD,25000,0.0033247341341116066
gaussian,matched,M1,Medium entropy,0,DSNGD,26000,0.003240056271571312
gaussian,matched,M1,Medium entropy,0,DSNGD,27000,0.0032005157442203114
gaussian,matched,M1,Medium entropy,0,DSNGD,28000,0.002965027101488271
gaussian,matched,M1,Medium entropy,0,DSNGD,29000,0.0023248847285815
gaussian,matched,M1,Medium entropy,0,DSNGD,30000,0.00220398981466996
gaussian,matched,M1,Medium entropy,0,DSNGD,31000,0.0019524281835037183
gaussian,matched,M1,Medium entropy,0,DSNGD,32000,0.002160794304036706
gaussian,matched,M1,Medium entropy,0,DSNGD,33000,0.002234153293171781
gaussian,matched,M1,Medium entropy,0,DSNGD,34000,0.0021273986141860934
gaussian,matched,M1,Medium entropy,0,DSNGD,35000,0.002130635324922636
gaussian,matched,M1,Medium entropy,0,DSNGD,36000,0.0019655872124839657
gaussian,matched,M1,Medium entropy,0,DSNGD,37000,0.0019895288132509847
gaussian,matched,M1,Medium entropy,0,DSNGD,38000,0.0018070287050049316
gaussian,matched,M1,Medium entropy,0,DSNGD,39000,0.0019001664663675921
gaussian,matched,M1,Medium entropy,0,DSNGD,40000,0.001938381602161643
gaussian,matched,M1,Medium entropy,0,DSNGD,41000,0.0021412561688622933
gaussian,matched,M1,Medium entropy,0,DSNGD,42000,0.0021993372334268013
gaussian,matched,M1,Medium entropy,0,DSNGD,43000,0.0022699742393241795
gaussian,matched,M1,Medium entropy,0,DSNGD,44000,0.002409027971602251
gaussian,matched,M1,Medium entropy,0,DSNGD,45000,0.002266889387621429
gaussian,matched,M1,Medium entropy,0,DSNGD,46000,0.0020265218079611458
gaussian,matched,M1,Medium entropy,0,DSNGD,47000,0.0020663379884326982
gaussian,matched,M1,Medium entropy,0,DSNGD,48000,0.0019355201518902465
gaussian,matched,M1,Medium entropy,0,DSNGD,49000,0.001697076691052235
gaussian,matched,M1,Medium entropy,0,DSNGD,50000,0.0018508318662455725
gaussian,matched,M1,Medium entropy,0,DSNGD,51000,0.001808272675221545
gaussian,matched,M1,Medium entropy,0,DSNGD,52000,0.0017930259760503553
gaussian,matched,M1,Medium entropy,0,DSNGD,53000,0.0016573165318698457
gaussian,matched,M1,Medium entropy,0,DSNGD,54000,0.0016796683847386529
gaussian,matched,M1,Medium entropy,0,DSNGD,55000,0.0016796570328587723
gaussian,matched,M1,Medium entropy,0,DSNGD,56000,0.001643796147463128
gaussian,matched,M1,Medium entropy,0,DSNGD,57000,0.001761021976591337
gaussian,matched,M1,Medium entropy,0,DSNGD,58000,0.0017230309568168067
gaussian,matched,M1,Medium entropy,0,DSNGD,59000,0.0017456093744498968
gaussian,matched,M1,Medium entropy,0,DSNGD,60000,0.0017361622529621368
gaussian,matched,M1,Medium entropy,0,DSNGD,61000,0.0015789916419401973
gaussian,matched,M1,Medium entropy,0,DSNGD,62000,0.0014996670476135066
gaussian,matched,M1,Medium entropy,0,DSNGD,63000,0.0016391078201163367
gaussian,matched,M1,Medium entropy,0,DSNGD,64000,0.0016963848308670926
gaussian,matched,M1,Medium entropy,0,DSNGD,65000,0.0015667649792836524
gaussian,matched,M1,Medium entropy,0,DSNGD,66000,0.0016148820318644397
gaussian,matched,M1,Medium entropy,0,DSNGD,67000,0.0014762647798964856
gaussian,matched,M1,Medium entropy,0,DSNGD,68000,0.001510924469134478
gaussian,matched,M1,Medium entropy,0,DSNGD,69000,0.001413150062866908
gaussian,matched,M1,Medium entropy,0,DSNGD,70000,0.0013833263502798232
gaussian,matched,M1,Medium entropy,0,DSNGD,71000,0.0013916015214368027
gaussian,matched,M1,Medium entropy,0,DSNGD,72000,0.00143412180561997
gaussian,matched,M1,Medium entropy,0,DSNGD,73000,0.0015447657771630041
gaussian,matched,M1,Medium entropy,0,DSNGD,74000,0.0015308440832026982
gaussian,matched,M1,Medium entropy,0,DSNGD,75000,0.0014590234944120706
gaussian,matched,M1,Medium entropy,0,DSNGD,76000,0.0014912555480712797
gaussian,matched,M1,Medium entropy,0,DSNGD,77000,0.0014325524419656066
gaussian,matched,M1,Medium entropy,0,DSNGD,78000,0.0014200526796241952
gaussian,matched,M1,Medium entropy,0,DSNGD,79000,0.0013852341271622937
gaussian,matched,M1,Medium entropy,0,DSNGD,80000,0.0013203187449977172
gaussian,matched,M1,Medium entropy,0,DSNGD,81000,0.0013402721174451404
gaussian,matched,M1,Medium entropy,0,DSNGD,82000,0.001340838663803856
gaussian,matched,M1,Medium entropy,0,DSNGD,83000,0.0012499588998449163
gaussian,matched,M1,Medium entropy,0,DSNGD,84000,0.0012688056261269676
gaussian,matched,M1,Medium entropy,0,DSNGD,85000,0.001380149567054012
gaussian,matched,M1,Medium entropy,0,DSNGD,86000,0.0013171256932338338
gaussian,matched,M1,Medium entropy,0,DSNGD,87000,0.0012896877243511184
gaussian,matched,M1,Medium entropy,0,DSNGD,88000,0.0013186919167773592
gaussian,matched,M1,Medium entropy,0,DSNGD,89000,0.0013549045437686313
gaussian,matched,M1,Medium entropy,0,DSNGD,90000,0.0012931540672638242
gaussian,matched,M1,Medium entropy,0,DSNGD,91000,0.0012956828402159726
gaussian,matched,M1,Medium entropy,0,DSNGD,92000,0.001282420051252675
gaussian,matched,M1,Medium entropy,0,DSNGD,93000,0.001235076808062674
gaussian,matched,M1,Medium entropy,0,DSNGD,94000,0.0011814191454424527
gaussian,matched,M1,Medium entropy,0,DSNGD,95000,0.0011066371848977852
gaussian,matched,M1,Medium entropy,0,DSNGD,96000,0.0011294191291491007
gaussian,matched,M1,Medium entropy,0,DSNGD,97000,0.0011096290644947437
gaussian,matched,M1,Medium entropy,0,DSNGD,98000,0.0011310818634411302
gaussian,matched,M1,Medium entropy,0,DSNGD,99000,0.001116135957640596
gaussian,matched,M1,Medium entropy,0,DSNGD,100000,0.0011900844811298938
gaussian,matched,M1,Low entropy,0,SGD,0,0.7554520188765927
gaussian,matched,M1,Low entropy,0,SGD,1000,0.08863911980697337
gaussian,matched,M1,Low entropy,0,SGD,2000,0.054718545350755265
gaussian,matched,M1,Low entropy,0,SGD,3000,0.04124956203004371
gaussian,matched,M1,Low entropy,0,SGD,4000,0.03134896957181432
gaussian,matched,M1,Low entropy,0,SGD,5000,0.025168702631665818
gaussian,matched,M1,Low entropy,0,SGD,6000,0.021556250906508145
gaussian,matched,M1,Low entropy,0,SGD,7000,0.020974925384240617
gaussian,matched,M1,Low entropy,0,SGD,8000,0.01927935684523674
gaussian,matched,M1,Low entropy,0,SGD,9000,0.01804101317980855
gaussian,matched,M1,Low entropy,0,SGD,10000,0.01665541202296761
gaussian,matched,M1,Low entropy,0,SGD,11000,0.01584362060757205
gaussian,matched,M1,Low entropy,0,SGD,12000,0.015974342035742106
gaussian,matched,M1,Low entropy,0,SGD,13000,0.014424579983745023
gaussian,matched,M1,Low entropy,0,SGD,14000,0.014003125560742014
gaussian,matched,M1,Low entropy,0,SGD,15000,0.014075014740009273
gaussian,matched,M1,Low entropy,0,SGD,16000,0.013666722511291862
gaussian,matched,M1,Low entropy,0,SGD,17000,0.013241084357248134
gaussian,matched,M1,Low entropy,0,SGD,18000,0.012402560825944375
gaussian,matched,M1,Low entropy,0,SGD,19000,0.012579310104008146
gaussian,matched,M1,Low entropy,0,SGD,20000,0.011997563485664386
gaussian,matched,M1,Low entropy,0,SGD,21000,0.012302659988055575
gaussian,matched,M1,Low entropy,0,SGD,22000,0.012112034910465308
gaussian,matched,M1,Low entropy,0,SGD,23000,0.011778044409450183
gaussian,matched,M1,Low entropy,0,SGD,24000,0.011244434681711546
gaussian,matched,M1,Low entropy,0,SGD,25000,0.011458063236840399
gaussian,matched,M1,Low entropy,0,SGD,26000,0.01127243900681707
gaussian,matched,M1,Low entropy,0,SGD,27000,0.011051592074225347
gaussian,matched,M1,Low entropy,0,SGD,28000,0.010673884589941451
gaussian,matched,M1,Low entropy,0,SGD,29000,0.010433205739205587
gaussian,matched,M1,Low entropy,0,SGD,30000,0.010203912622515299
gaussian,matched,M1,Low entropy,0,SGD,31000,0.009990635990987595
gaussian,matched,M1,Low entropy,0,SGD,32000,0.009810375701230667
gaussian,matched,M1,Low entropy,0,SGD,33000,0.009596771346157329
gaussian,matched,M1,Low entropy,0,SGD,34000,0.009447211404806977
gaussian,matched,M1,Low entropy,0,SGD,35000,0.009603266556191814
gaussian,matched,M1,Low entropy,0,SGD,36000,0.009469437233959654
gaussian,matched,M1,Low entropy,0,SGD,37000,0.009570411546123259
gaussian,matched,M1,Low entropy,0,SGD,38000,0.009328698499260879
gaussian,matched,M1,Low entropy,0,SGD,39000,0.009205859438595088
gaussian,matched,M1,Low entropy,0,SGD,40000,0.009241480163349802
gaussian,matched,M1,Low entropy,0,SGD,41000,0.009190108982233491
gaussian,matched,M1,Low entropy,0,SGD,42000,0.008846015253116457
gaussian,matched,M1,Low entropy,0,SGD,43000,0.008789657210960033
gaussian,matched,M1,Low entropy,0,SGD,44000,0.008674366698696145
gaussian,matched,M1,Low entropy,0,SGD,45000,0.008448874656868943
gaussian,matched,M1,Low entropy,0,SGD,46000,0.008317700238519743
gaussian,matched,M1,Low entropy,0,SGD,47000,0.00815389760867058
gaussian,matched,M1,Low entropy,0,SGD,48000,0.007965713291984589
gaussian,matched,M1,Low entropy,0,SGD,49000,0.007955254486075258
gaussian,matched,M1,Low entropy,0,SGD,50000,0.007881280474969055
gaussian,matched,M1,Low entropy,0,SGD,51000,0.007890168544907317
gaussian,matched,M1,Low entropy,0,SGD,52000,0.007817157372238093
gaussian,matched,M1,Low entropy,0,SGD,53000,0.007873194794138616
gaussian,matched,M1,Low entropy,0,SGD,54000,0.007838204393867176
gaussian,matched,M1,Low entropy,0,SGD,55000,0.0076376846950652055
gaussian,matched,M1,Low entropy,0,SGD,56000,0.0077609713823953985
gaussian,matched,M1,Low entropy,0,SGD,57000,0.007673900339966178
gaussian,matched,M1,Low entropy,0,SGD,58000,0.007654966205852709
gaussian,matched,M1,Low entropy,0,SGD,59000,0.007683034675940448
gaussian,matched,M1,Low entropy,0,SGD,60000,0.0075864332252484346
gaussian,matched,M1,Low entropy,0,SGD,61000,0.007469395271157309
gaussian,matched,M1,Low entropy,0,SGD,62000,0.007502411819284127
gaussian,matched,M1,Low entropy,0,SGD,63000,0.0073900495935042
gaussian,matched,M1,Low entropy,0,SGD,64000,0.007420529078111304
gaussian,matched,M1,Low entropy,0,SGD,65000,0.007279710141403051
gaussian,matched,M1,Low entropy,0,SGD,66000,0.007247116949138821
gaussian,matched,M1,Low entropy,0,SGD,67000,0.00720465773574408
gaussian,matched,M1,Low entropy,0,SGD,68000,0.00724024055007666
gaussian,matched,M1,Low entropy,0,SGD,69000,0.007128739494369318
gaussian,matched,M1,Low entropy,0,SGD,70000,0.007157265839203175
gaussian,matched,M1,Low entropy,0,SGD,71000,0.0071134377158870166
gaussian,matched,M1,Low entropy,0,SGD,72000,0.0070615808662854995
gaussian,matched,M1,Low entropy,0,SGD,73000,0.007037607006218138
gaussian,matched,M1,Low entropy,0,SGD,74000,0.006988357454516203
gaussian,matched,M1,Low entropy,0,SGD,75000,0.0069971022249952775
gaussian,matched,M1,Low entropy,0,SGD,76000,0.006966756334510826
gaussian,matched,M1,Low entropy,0,SGD,77000,0.007078596727127406
gaussian,matched,M1,Low entropy,0,SGD,78000,0.0071422410191073205
gaussian,matched,M1,Low entropy,0,SGD,79000,0.007166497881299305
gaussian,matched,M1,Low entropy,0,SGD,80000,0.007076215866780533
gaussian,matched,M1,Low entropy,0,SGD,81000,0.00701851584541946
gaussian,matched,M1,Low entropy,0,SGD,82000,0.006986618645595799
gaussian,matched,M1,Low entropy,0,SGD,83000,0.006896258802911337
gaussian,matched,M1,Low entropy,0,SGD,84000,0.00689470816956228
gaussian,matched,M1,Low entropy,0,SGD,85000,0.006862777983171364
gaussian,matched,M1,Low entropy,0,SGD,86000,0.006917415945289607
gaussian,matched,M1,Low entropy,0,SGD,87000,0.006779032558233089
gaussian,matched,M1,Low entropy,0,SGD,88000,0.00682768921658683
gaussian,matched,M1,Low entropy,0,SGD,89000,0.0067826811702282885
gaussian,matched,M1,Low entropy,0,SGD,90000,0.006827426552183491
gaussian,matched,M1,Low entropy,0,SGD,91000,0.006773932287014617
gaussian,matched,M1,Low entropy,0,SGD,92000,0.006740730264610306
gaussian,matched,M1,Low entropy,0,SGD,93000,0.00675842289504347
gaussian,matched,M1,Low entropy,0,SGD,94000,0.006719814993140227
gaussian,matched,M1,Low entropy,0,SGD,95000,0.006685591929000534
gaussian,matched,M1,Low entropy,0,SGD,96000,0.006634509966927382
gaussian,matched,M1,Low entropy,0,SGD,97000,0.006624833449204726
gaussian,matched,M1,Low entropy,0,SGD,98000,0.006654948235313984
gaussian,matched,M1,Low entropy,0,SGD,99000,0.0066891211466819644
gaussian,matched,M1,Low entropy,0,SGD,100000,0.00654509146976201
gaussian,matched,M1,Low entropy,0,AdaGrad,0,0.7554520188765927
gaussian,matched,M1,Low entropy,0,AdaGrad,1000,0.2001583417647146
gaussian,matched,M1,Low entropy,0,AdaGrad,2000,0.10935697526834764
gaussian,matched,M1,Low entropy,0,AdaGrad,3000,0.07483729838983488
gaussian,matched,M1,Low entropy,0,AdaGrad,4000,0.05378971550418421
gaussian,matched,M1,Low entropy,0,AdaGrad,5000,0.03921081968373774
gaussian,matched,M1,Low entropy,0,AdaGrad,6000,0.032076895978506714
gaussian,matched,M1,Low entropy,0,AdaGrad,7000,0.029052900911872515
gaussian,matched,M1,Low entropy,0,AdaGrad,8000,0.02617824630524912
gaussian,matched,M1,Low entropy,0,AdaGrad,9000,0.02372116455437845
gaussian,matched,M1,Low entropy,0,AdaGrad,10000,0.02089342171298192
gaussian,matched,M1,Low entropy,0,AdaGrad,11000,0.019348516132249305
gaussian,matched,M1,Low entropy,0,AdaGrad,12000,0.019161777256614387
gaussian,matched,M1,Low entropy,0,AdaGrad,13000,0.016304529486057318
gaussian,matched,M1,Low entropy,0,AdaGrad,14000,0.016310093801027437
gaussian,matched,M1,Low entropy,0,AdaGrad,15000,0.01627051426685533
gaussian,matched,M1,Low entropy,0,AdaGrad,16000,0.015691369481047435
gaussian,matched,M1,Low entropy,0,AdaGrad,17000,0.014704244240551168
gaussian,matched,M1,Low entropy,0,AdaGrad,18000,0.013831626956256615
gaussian,matched,M1,Low entropy,0,AdaGrad,19000,0.014180345310236486
gaussian,matched,M1,Low entropy,0,AdaGrad,20000,0.013459557847461667
gaussian,matched,M1,Low entropy,0,AdaGrad,21000,0.01406012871946527
gaussian,matched,M1,Low entropy,0,AdaGrad,22000,0.01372969123826051
gaussian,matched,M1,Low entropy,0,AdaGrad,23000,0.012704528648259661
gaussian,matched,M1,Low entropy,0,AdaGrad,24000,0.011804061698820867
gaussian,matched,M1,Low entropy,0,AdaGrad,25000,0.01208562006281988
gaussian,matched,M1,Low entropy,0,AdaGrad,26000,0.011659962112026134
gaussian,matched,M1,Low entropy,0,AdaGrad,27000,0.01158029844987074
gaussian,matched,M1,Low entropy,0,AdaGrad,28000,0.010902220654348538
gaussian,matched,M1,Low entropy,0,AdaGrad,29000,0.011025658288234652
gaussian,matched,M1,Low entropy,0,AdaGrad,30000,0.010509296989992256
gaussian,matched,M1,Low entropy,0,AdaGrad,31000,0.0106590363886363
gaussian,matched,M1,Low entropy,0,AdaGrad,32000,0.01005263674495449
gaussian,matched,M1,Low entropy,0,AdaGrad,33000,0.009905355956837392
gaussian,matched,M1,Low entropy,0,AdaGrad,34000,0.01001700365691316
gaussian,matched,M1,Low entropy,0,AdaGrad,35000,0.010583385369979936
gaussian,matched,M1,Low entropy,0,AdaGrad,36000,0.010344440778461417
gaussian,matched,M1,Low entropy,0,AdaGrad,37000,0.010482966866687704
gaussian,matched,M1,Low entropy,0,AdaGrad,38000,0.009740466562407457
gaussian,matched,M1,Low entropy,0,AdaGrad,39000,0.010008732312592361
gaussian,matched,M1,Low entropy,0,AdaGrad,40000,0.009748147844740318
gaussian,matched,M1,Low entropy,0,AdaGrad,41000,0.00983517453717453
gaussian,matched,M1,Low entropy,0,AdaGrad,42000,0.009017886748619919
gaussian,matched,M1,Low entropy,0,AdaGrad,43000,0.009100471445145919
gaussian,matched,M1,Low entropy,0,AdaGrad,44000,0.008570639687949688
gaussian,matched,M1,Low entropy,0,AdaGrad,45000,0.008154087927018994
gaussian,matched,M1,Low entropy,0,AdaGrad,46000,0.007836763081045195
gaussian,matched,M1,Low entropy,0,AdaGrad,47000,0.007517074776974608
gaussian,matched,M1,Low entropy,0,AdaGrad,48000,0.006889626911540159
gaussian,matched,M1,Low entropy,0,AdaGrad,49000,0.006875090440594311
gaussian,matched,M1,Low entropy,0,AdaGrad,50000,0.006820280891848052
gaussian,matched,M1,Low entropy,0,AdaGrad,51000,0.006900213211162853
gaussian,matched,M1,Low entropy,0,AdaGrad,52000,0.006774485474007719
gaussian,matched,M1,Low entropy,0,AdaGrad,53000,0.007027220935412748
gaussian,matched,M1,Low entropy,0,AdaGrad,54000,0.007008352323351508
gaussian,matched,M1,Low entropy,0,AdaGrad,55000,0.006747524498754931
gaussian,matched,M1,Low entropy,0,AdaGrad,56000,0.007200417137840365
gaussian,matched,M1,Low entropy,0,AdaGrad,57000,0.00689452602906071
gaussian,matched,M1,Low entropy,0,AdaGrad,58000,0.006810297890273542
gaussian,matched,M1,Low entropy,0,AdaGrad,59000,0.006940821090712257
gaussian,matched,M1,Low entropy,0,AdaGrad,60000,0.00689964124303466
gaussian,matched,M1,Low entropy,0,AdaGrad,61000,0.006035676985431504
gaussian,matched,M1,Low entropy,0,AdaGrad,62000,0.006435900168189068
gaussian,matched,M1,Low entropy,0,AdaGrad,63000,0.006265972829188948
gaussian,matched,M1,Low entropy,0,AdaGrad,64000,0.00623425865295113
gaussian,matched,M1,Low entropy,0,AdaGrad,65000,0.005770076068284169
gaussian,matched,M1,Low entropy,0,AdaGrad,66000,0.006030059206428184
gaussian,matched,M1,Low entropy,0,AdaGrad,67000,0.006098590218940547
gaussian,matched,M1,Low entropy,0,AdaGrad,68000,0.006750142591469777
gaussian,matched,M1,Low entropy,0,AdaGrad,69000,0.00620991415318195
gaussian,matched,M1,Low entropy,0,AdaGrad,70000,0.006551072347025011
gaussian,matched,M1,Low entropy,0,AdaGrad,71000,0.006408396544124395
gaussian,matched,M1,Low entropy,0,AdaGrad,72000,0.00621082168921161
gaussian,matched,M1,Low entropy,0,AdaGrad,73000,0.005786386475294503
gaussian,matched,M1,Low entropy,0,AdaGrad,74000,0.0054013301455302365
gaussian,matched,M1,Low entropy,0,AdaGrad,75000,0.005413930457015326
gaussian,matched,M1,Low entropy,0,AdaGrad,76000,0.005297065090022368
gaussian,matched,M1,Low entropy,0,AdaGrad,77000,0.0057182761861975795
gaussian,matched,M1,Low entropy,0,AdaGrad,78000,0.0058124896021438666
gaussian,matched,M1,Low entropy,0,AdaGrad,79000,0.006133315987470578
gaussian,matched,M1,Low entropy,0,AdaGrad,80000,0.005841773542123008
gaussian,matched,M1,Low entropy,0,AdaGrad,81000,0.005775956838545815
gaussian,matched,M1,Low entropy,0,AdaGrad,82000,0.005704073871762194
gaussian,matched,M1,Low entropy,0,AdaGrad,83000,0.0051579490362225755
gaussian,matched,M1,Low entropy,0,AdaGrad,84000,0.005127587421791757
gaussian,matched,M1,Low entropy,0,AdaGrad,85000,0.005182346529487791
gaussian,matched,M1,Low entropy,0,AdaGrad,86000,0.00568792465994683
gaussian,matched,M1,Low entropy,0,AdaGrad,87000,0.005104534955114204
gaussian,matched,M1,Low entropy,0,AdaGrad,88000,0.0055763081669295556
gaussian,matched,M1,Low entropy,0,AdaGrad,89000,0.005401526066183937
gaussian,matched,M1,Low entropy,0,AdaGrad,90000,0.005348526315616997
gaussian,matched,M1,Low entropy,0,AdaGrad,91000,0.004802044099949221
gaussian,matched,M1,Low entropy,0,AdaGrad,92000,0.004438975296298553
gaussian,matched,M1,Low entropy,0,AdaGrad,93000,0.004474635682665262
gaussian,matched,M1,Low entropy,0,AdaGrad,94000,0.004563960578467086
gaussian,matched,M1,Low entropy,0,AdaGrad,95000,0.004698092438870649
gaussian,matched,M1,Low entropy,0,AdaGrad,96000,0.004879638089717586
gaussian,matched,M1,Low entropy,0,AdaGrad,97000,0.004736913991628455
gaussian,matched,M1,Low entropy,0,AdaGrad,98000,0.005163002624732682
gaussian,matched,M1,Low entropy,0,AdaGrad,99000,0.005164100570219432
gaussian,matched,M1,Low entropy,0,AdaGrad,100000,0.004570987756330691
gaussian,matched,M1,Low entropy,0,DSNGD,0,0.7554520188765927
gaussian,matched,M1,Low entropy,0,DSNGD,1000,0.07505360327961141
gaussian,matched,M1,Low entropy,0,DSNGD,2000,0.03814812900952069
gaussian,matched,M1,Low entropy,0,DSNGD,3000,0.027874737342898692
gaussian,matched,M1,Low entropy,0,DSNGD,4000,0.019950025389206427
gaussian,matched,M1,Low entropy,0,DSNGD,5000,0.014324675820175381
gaussian,matched,M1,Low entropy,0,DSNGD,6000,0.011562756104367411
gaussian,matched,M1,Low entropy,0,DSNGD,7000,0.01012480158199125
gaussian,matched,M1,Low entropy,0,DSNGD,8000,0.008641255501161016
gaussian,matched,M1,Low entropy,0,DSNGD,9000,0.008100307620236835
gaussian,matched,M1,Low entropy,0,DSNGD,10000,0.006362883220072391
gaussian,matched,M1,Low entropy,0,DSNGD,11000,0.006589387290029336
gaussian,matched,M1,Low entropy,0,DSNGD,12000,0.006025109849580046
gaussian,matched,M1,Low entropy,0,DSNGD,13000,0.004953336465277847
gaussian,matched,M1,Low entropy,0,DSNGD,14000,0.005334454969792013
gaussian,matched,M1,Low entropy,0,DSNGD,15000,0.004907127404839118
gaussian,matched,M1,Low entropy,0,DSNGD,16000,0.004403760965849157
gaussian,matched,M1,Low entropy,0,DSNGD,17000,0.004471774245100146
gaussian,matched,M1,Low entropy,0,DSNGD,18000,0.0038405268129093617
gaussian,matched,M1,Low entropy,0,DSNGD,19000,0.0039625666138698445
gaussian,matched,M1,Low entropy,0,DSNGD,20000,0.004032450662765141
gaussian,matched,M1,Low entropy,0,DSNGD,21000,0.004070915418400212
gaussian,matched,M1,Low entropy,0,DSNGD,22000,0.0038708845023953664
gaussian,matched,M1,Low entropy,0,DSNGD,23000,0.003464850206027714
gaussian,matched,M1,Low entropy,0,DSNGD,24000,0.0030497879039079745
gaussian,matched,M1,Low entropy,0,DSNGD,25000,0.002999882767396711
gaussian,matched,M1,Low entropy,0,DSNGD,26000,0.0032488158355126195
gaussian,matched,M1,Low entropy,0,DSNGD,27000,0.00336232599812214
gaussian,matched,M1,Low entropy,0,DSNGD,28000,0.0030449879972695992
gaussian,matched,M1,Low entropy,0,DSNGD,29000,0.0029836916704670813
gaussian,matched,M1,Low entropy,0,DSNGD,30000,0.0027042264949714845
gaussian,matched,M1,Low entropy,0,DSNGD,31000,0.0026709971331957405
gaussian,matched,M1,Low entropy,0,DSNGD,32000,0.0027018618665339833
gaussian,matched,M1,Low entropy,0,DSNGD,33000,0.00271560872050447
gaussian,matched,M1,Low entropy,0,DSNGD,34000,0.0027206313517136316
gaussian,matched,M1,Low entropy,0,DSNGD,35000,0.002718137765110651
gaussian,matched,M1,Low entropy,0,DSNGD,36000,0.002721113147746479
gaussian,matched,M1,Low entropy,0,DSNGD,37000,0.002825890236920925
gaussian,matched,M1,Low entropy,0,DSNGD,38000,0.0026830486335041037
gaussian,matched,M1,Low entropy,0,DSNGD,39000,0.0025889520167245994
gaussian,matched,M1,Low entropy,0,DSNGD,40000,0.0026297714075320666
gaussian,matched,M1,Low entropy,0,DSNGD,41000,0.0026899452773621046
gaussian,matched,M1,Low entropy,0,DSNGD,42000,0.002478539381379541
gaussian,matched,M1,Low entropy,0,DSNGD,43000,0.0023196558685329993
gaussian,matched,M1,Low entropy,0,DSNGD,44000,0.00217304734882795
gaussian,matched,M1,Low entropy,0,DSNGD,45000,0.0020328714034212325
gaussian,matched,M1,Low entropy,0,DSNGD,46000,0.00195252359186604
gaussian,matched,M1,Low entropy,0,DSNGD,47000,0.001907810866658366
gaussian,matched,M1,Low entropy,0,DSNGD,48000,0.0016465560545042557
gaussian,matched,M1,Low entropy,0,DSNGD,49000,0.0016356459124726719
gaussian,matched,M1,Low entropy,0,DSNGD,50000,0.0015703385217011867
gaussian,matched,M1,Low entropy,0,DSNGD,51000,0.0015445797713569132
gaussian,matched,M1,Low entropy,0,DSNGD,52000,0.0015348984159968548
gaussian,matched,M1,Low entropy,0,DSNGD,53000,0.0015187982079911677
gaussian,matched,M1,Low entropy,0,DSNGD,54000,0.0013560739976377079
gaussian,matched,M1,Low entropy,0,DSNGD,55000,0.0012362522222788552
gaussian,matched,M1,Low entropy,0,DSNGD,56000,0.0012869870839369302
gaussian,matched,M1,Low entropy,0,DSNGD,57000,0.001298479178084344
gaussian,matched,M1,Low entropy,0,DSNGD,58000,0.0012645845935710387
gaussian,matched,M1,Low entropy,0,DSNGD,59000,0.0011847148168186994
gaussian,matched,M1,Low entropy,0,DSNGD,60000,0.0011117099378681328
gaussian,matched,M1,Low entropy,0,DSNGD,61000,0.00099638676391689
gaussian,matched,M1,Low entropy,0,DSNGD,62000,0.0010808392045758008
gaussian,matched,M1,Low entropy,0,DSNGD,63000,0.0010099586456742138
gaussian,matched,M1,Low entropy,0,DSNGD,64000,0.0011986837982713716
gaussian,matched,M1,Low entropy,0,DSNGD,65000,0.0011221961137399816
gaussian,matched,M1,Low entropy,0,DSNGD,66000,0.0011371296700504185
gaussian,matched,M1,Low entropy,0,DSNGD,67000,0.0011702595956952777
gaussian,matched,M1,Low entropy,0,DSNGD,68000,0.0012302846247866928
gaussian,matched,M1,Low entropy,0,DSNGD,69000,0.0012654833716765346
gaussian,matched,M1,Low entropy,0,DSNGD,70000,0.0013324453211249754
gaussian,matched,M1,Low entropy,0,DSNGD,71000,0.0013014949532588194
gaussian,matched,M1,Low entropy,0,DSNGD,72000,0.001279935294032919
gaussian,matched,M1,Low entropy,0,DSNGD,73000,0.001217537996615059
gaussian,matched,M1,Low entropy,0,DSNGD,74000,0.0011638005365719462
gaussian,matched,M1,Low entropy,0,DSNGD,75000,0.0011610962564987393
gaussian,matched,M1,Low entropy,0,DSNGD,76000,0.001170978472901485
gaussian,matched,M1,Low entropy,0,DSNGD,77000,0.0012559479556084607
gaussian,matched,M1,Low entropy,0,DSNGD,78000,0.0012745460790366536
gaussian,matched,M1,Low entropy,0,DSNGD,79000,0.0012910680760409576
gaussian,matched,M1,Low entropy,0,DSNGD,80000,0.0013008019844882313
gaussian,matched,M1,Low entropy,0,DSNGD,81000,0.0013263896999287095
gaussian,matched,M1,Low entropy,0,DSNGD,82000,0.0012993569968833274
gaussian,matched,M1,Low entropy,0,DSNGD,83000,0.0011529780020000935
gaussian,matched,M1,Low entropy,0,DSNGD,84000,0.0010787440419794958
gaussian,matched,M1,Low entropy,0,DSNGD,85000,0.0010556599121751553
gaussian,matched,M1,Low entropy,0,DSNGD,86000,0.0009804816940337524
gaussian,matched,M1,Low entropy,0,DSNGD,87000,0.0008369069497473625
gaussian,matched,M1,Low entropy,0,DSNGD,88000,0.000920384090441484
gaussian,matched,M1,Low entropy,0,DSNGD,89000,0.0008636318535812926
gaussian,matched,M1,Low entropy,0,DSNGD,90000,0.0009113283842747677
gaussian,matched,M1,Low entropy,0,DSNGD,91000,0.000855991985976079
gaussian,matched,M1,Low entropy,0,DSNGD,92000,0.0007996365061624378
gaussian,matched,M1,Low entropy,0,DSNGD,93000,0.0008321461478868475
gaussian,matched,M1,Low entropy,0,DSNGD,94000,0.0008352791709660412
gaussian,matched,M1,Low entropy,0,DSNGD,95000,0.0008587727683002644
gaussian,matched,M1,Low entropy,0,DSNGD,96000,0.0007897282212343537
gaussian,matched,M1,Low entropy,0,DSNGD,97000,0.0007629068077783518
gaussian,matched,M1,Low entropy,0,DSNGD,98000,0.0008072784365149577
gaussian,matched,M1,Low entropy,0,DSNGD,99000,0.0008471315063625084
gaussian,matched,M1,Low entropy,0,DSNGD,100000,0.0007563054804533564
gaussian,matched,M2,High entropy,0,SGD,0,0.008046807911060938
gaussian,matched,M2,High entropy,0,SGD,1000,0.008183617397776732
gaussian,matched,M2,High entropy,0,SGD,2000,0.007882962005801186
gaussian,matched,M2,High entropy,0,SGD,3000,0.007432472742090468
gaussian,matched,M2,High entropy,0,SGD,4000,0.007286293230839291
gaussian,matched,M2,High entropy,0,SGD,5000,0.007124534141182526
gaussian,matched,M2,High entropy,0,SGD,6000,0.006954106728711107
gaussian,matched,M2,High entropy,0,SGD,7000,0.006861860391106589
gaussian,matched,M2,High entropy,0,SGD,8000,0.006783941480234645
gaussian,matched,M2,High entropy,0,SGD,9000,0.006617062951699282
gaussian,matched,M2,High entropy,0,SGD,10000,0.006529193677216494
gaussian,matched,M2,High entropy,0,SGD,11000,0.00638499216543531
gaussian,matched,M2,High entropy,0,SGD,12000,0.006308214509446408
gaussian,matched,M2,High entropy,0,SGD,13000,0.006207203888475288
gaussian,matched,M2,High entropy,0,SGD,14000,0.006151656638832659
gaussian,matched,M2,High entropy,0,SGD,15000,0.0060642649696656115
gaussian,matched,M2,High entropy,0,SGD,16000,0.00601408560897676
gaussian,matched,M2,High entropy,0,SGD,17000,0.005944963289950422
gaussian,matched,M2,High entropy,0,SGD,18000,0.005872923674266062
gaussian,matched,M2,High entropy,0,SGD,19000,0.0058260646277905614
gaussian,matched,M2,High entropy,0,SGD,20000,0.005816765789623979
gaussian,matched,M2,High entropy,0,SGD,21000,0.00579440188374436
gaussian,matched,M2,High entropy,0,SGD,22000,0.005686021046758416
gaussian,matched,M2,High entropy,0,SGD,23000,0.005588862340614842
gaussian,matched,M2,High entropy,0,SGD,24000,0.00553574450729899
gaussian,matched,M2,High entropy,0,SGD,25000,0.005514544769140706
gaussian,matched,M2,High entropy,0,SGD,26000,0.0054824295307431825
gaussian,matched,M2,High entropy,0,SGD,27000,0.0054538456635842
gaussian,matched,M2,High entropy,0,SGD,28000,0.005401234135697486
gaussian,matched,M2,High entropy,0,SGD,29000,0.005401019940599827
gaussian,matched,M2,High entropy,0,SGD,30000,0.00536944736110323
gaussian,matched,M2,High entropy,0,SGD,31000,0.005364894121783426
gaussian,matched,M2,High entropy,0,SGD,32000,0.005371801155808598
gaussian,matched,M2,High entropy,0,SGD,33000,0.0053151735478946804
gaussian,matched,M2,High entropy,0,SGD,34000,0.005317826610601539
gaussian,matched,M2,High entropy,0,SGD,35000,0.005301849760217081
gaussian,matched,M2,High entropy,0,SGD,36000,0.005276388347600136
gaussian,matched,M2,High entropy,0,SGD,37000,0.005239823700608159
gaussian,matched,M2,High entropy,0,SGD,38000,0.005192766924196679
gaussian,matched,M2,High entropy,0,SGD,39000,0.0051744954892822825
gaussian,matched,M2,High entropy,0,SGD,40000,0.005115942894456715
gaussian,matched,M2,High entropy,0,SGD,41000,0.0050691510477691715
gaussian,matched,M2,High entropy,0,SGD,42000,0.005042505423549226
gaussian,matched,M2,High entropy,0,SGD,43000,0.005018409627033815
gaussian,matched,M2,High entropy,0,SGD,44000,0.004990365505806338
gaussian,matched,M2,High entropy,0,SGD,45000,0.004957561914209485
gaussian,matched,M2,High entropy,0,SGD,46000,0.004952691096423489
gaussian,matched,M2,High entropy,0,SGD,47000,0.004940603118543496
gaussian,matched,M2,High entropy,0,SGD,48000,0.004914120048075343
gaussian,matched,M2,High entropy,0,SGD,49000,0.00491249059564014
gaussian,matched,M2,High entropy,0,SGD,50000,0.0048885245192620275
gaussian,matched,M2,High entropy,0,SGD,51000,0.004870613123340473
gaussian,matched,M2,High entropy,0,SGD,52000,0.004844693642696907
gaussian,matched,M2,High entropy,0,SGD,53000,0.004825558090256088
gaussian,matched,M2,High entropy,0,SGD,54000,0.0047837201504643545
gaussian,matched,M2,High entropy,0,SGD,55000,0.004773773981665563
gaussian,matched,M2,High entropy,0,SGD,56000,0.0047548078904622315
gaussian,matched,M2,High entropy,0,SGD,57000,0.004741513218530002
gaussian,matched,M2,High entropy,0,SGD,58000,0.004722098090279125
gaussian,matched,M2,High entropy,0,SGD,59000,0.004704864896538208
gaussian,matched,M2,High entropy,0,SGD,60000,0.004671842086050759
gaussian,matched,M2,High entropy,0,SGD,61000,0.004652955872376463
gaussian,matched,M2,High entropy,0,SGD,62000,0.004646268062849845
gaussian,matched,M2,High entropy,0,SGD,63000,0.004636267262495775
gaussian,matched,M2,High entropy,0,SGD,64000,0.0046122720144023965
gaussian,matched,M2,High entropy,0,SGD,65000,0.004586797676334964
gaussian,matched,M2,High entropy,0,SGD,66000,0.004556682888945396
gaussian,matched,M2,High entropy,0,SGD,67000,0.0045435608326771515
gaussian,matched,M2,High entropy,0,SGD,68000,0.004534081390104916
gaussian,matched,M2,High entropy,0,SGD,69000,0.004527787894559321
gaussian,matched,M2,High entropy,0,SGD,70000,0.00451218032282652
gaussian,matched,M2,High entropy,0,SGD,71000,0.004484610727261362
gaussian,matched,M2,High entropy,0,SGD,72000,0.004460667579454736
gaussian,matched,M2,High entropy,0,SGD,73000,0.004447350346910017
gaussian,matched,M2,High entropy,0,SGD,74000,0.00442899472100855
gaussian,matched,M2,High entropy,0,SGD,75000,0.0044118893784714786
gaussian,matched,M2,High entropy,0,SGD,76000,0.004400234901951183
gaussian,matched,M2,High entropy,0,SGD,77000,0.004382548426645982
gaussian,matched,M2,High entropy,0,SGD,78000,0.004374979326546846
gaussian,matched,M2,High entropy,0,SGD,79000,0.004369292962105309
gaussian,matched,M2,High entropy,0,SGD,80000,0.004356755686099056
gaussian,matched,M2,High entropy,0,SGD,81000,0.0043416983798487685
gaussian,matched,M2,High entropy,0,SGD,82000,0.004338047665693345
gaussian,matched,M2,High entropy,0,SGD,83000,0.004327707664368408
gaussian,matched,M2,High entropy,0,SGD,84000,0.004329619105189142
gaussian,matched,M2,High entropy,0,SGD,85000,0.004315743723033005
gaussian,matched,M2,High entropy,0,SGD,86000,0.004293516334355818
gaussian,matched,M2,High entropy,0,SGD,87000,0.00427601208236883
gaussian,matched,M2,High entropy,0,SGD,88000,0.004264809938010483
gaussian,matched,M2,High entropy,0,SGD,89000,0.004252381353810009
gaussian,matched,M2,High entropy,0,SGD,90000,0.004239414790764506
gaussian,matched,M2,High entropy,0,SGD,91000,0.0042345672490315955
gaussian,matched,M2,High entropy,0,SGD,92000,0.004228733449900268
gaussian,matched,M2,High entropy,0,SGD,93000,0.004223710407817105
gaussian,matched,M2,High entropy,0,SGD,94000,0.0042073529557713485
gaussian,matched,M2,High entropy,0,SGD,95000,0.004184644407063676
gaussian,matched,M2,High entropy,0,SGD,96000,0.004179687763249174
gaussian,matched,M2,High entropy,0,SGD,97000,0.004173167513294107
gaussian,matched,M2,High entropy,0,SGD,98000,0.004166376871602928
gaussian,matched,M2,High entropy,0,SGD,99000,0.004154882120265935
gaussian,matched,M2,High entropy,0,SGD,100000,0.00414164313898846
gaussian,matched,M2,High entropy,0,AdaGrad,0,0.008046807911060938
gaussian,matched,M2,High entropy,0,AdaGrad,1000,0.007988466256397597
gaussian,matched,M2,High entropy,0,AdaGrad,2000,0.007897354452498284
gaussian,matched,M2,High entropy,0,AdaGrad,3000,0.007806341408703954
gaussian,matched,M2,High entropy,0,AdaGrad,4000,0.007769989594323512
gaussian,matched,M2,High entropy,0,AdaGrad,5000,0.007734828294218676
gaussian,matched,M2,High entropy,0,AdaGrad,6000,0.007694706632409787
gaussian,matched,M2,High entropy,0,AdaGrad,7000,0.007666797666693093
gaussian,matched,M2,High entropy,0,AdaGrad,8000,0.007640258209048678
gaussian,matched,M2,High entropy,0,AdaGrad,9000,0.007598389155322849
gaussian,matched,M2,High entropy,0,AdaGrad,10000,0.007569726180467917
gaussian,matched,M2,High entropy,0,AdaGrad,11000,0.007529008563516459
gaussian,matched,M2,High entropy,0,AdaGrad,12000,0.007501817705925173
gaussian,matched,M2,High entropy,0,AdaGrad,13000,0.0074711184754701065
gaussian,matched,M2,High entropy,0,AdaGrad,14000,0.007451673899119271
gaussian,matched,M2,High entropy,0,AdaGrad,15000,0.007419890822044195
gaussian,matched,M2,High entropy,0,AdaGrad,16000,0.007403586564869169
gaussian,matched,M2,High entropy,0,AdaGrad,17000,0.007376346930735522
gaussian,matched,M2,High entropy,0,AdaGrad,18000,0.007348655634952461
gaussian,matched,M2,High entropy,0,AdaGrad,19000,0.007326649992957179
gaussian,matched,M2,High entropy,0,AdaGrad,20000,0.007313982147564513
gaussian,matched,M2,High entropy,0,AdaGrad,21000,0.007300579230997695
gaussian,matched,M2,High entropy,0,AdaGrad,22000,0.007267199404907387
gaussian,matched,M2,High entropy,0,AdaGrad,23000,0.007229873588858737
gaussian,matched,M2,High entropy,0,AdaGrad,24000,0.007204802039461722
gaussian,matched,M2,High entropy,0,AdaGrad,25000,0.007187847462961194
gaussian,matched,M2,High entropy,0,AdaGrad,26000,0.007170793875849402
gaussian,matched,M2,High entropy,0,AdaGrad,27000,0.00715891777403499
gaussian,matched,M2,High entropy,0,AdaGrad,28000,0.007136511981675309
gaussian,matched,M2,High entropy,0,AdaGrad,29000,0.0071315922787626995
gaussian,matched,M2,High entropy,0,AdaGrad,30000,0.007115219682546581
gaussian,matched,M2,High entropy,0,AdaGrad,31000,0.00710974545169174
gaussian,matched,M2,High entropy,0,AdaGrad,32000,0.007108198181708936
gaussian,matched,M2,High entropy,0,AdaGrad,33000,0.007084054653155647
gaussian,matched,M2,High entropy,0,AdaGrad,34000,0.007082039295649878
gaussian,matched,M2,High entropy,0,AdaGrad,35000,0.007073084895198534
gaussian,matched,M2,High entropy,0,AdaGrad,36000,0.007059643873991384
gaussian,matched,M2,High entropy,0,AdaGrad,37000,0.007042682938069422
gaussian,matched,M2,High entropy,0,AdaGrad,38000,0.00701932483206269
gaussian,matched,M2,High entropy,0,AdaGrad,39000,0.007010034204985693
gaussian,matched,M2,High entropy,0,AdaGrad,40000,0.006985251481603338
gaussian,matched,M2,High entropy,0,AdaGrad,41000,0.00696162353377483
gaussian,matched,M2,High entropy,0,AdaGrad,42000,0.006947590590321795
gaussian,matched,M2,High entropy,0,AdaGrad,43000,0.0069339513201382985
gaussian,matched,M2,High entropy,0,AdaGrad,44000,0.006918148926795542
gaussian,matched,M2,High entropy,0,AdaGrad,45000,0.006901882360154321
gaussian,matched,M2,High entropy,0,AdaGrad,46000,0.006896589097080685
gaussian,matched,M2,High entropy,0,AdaGrad,47000,0.0068870684920669945
gaussian,matched,M2,High entropy,0,AdaGrad,48000,0.006873585655044145
gaussian,matched,M2,High entropy,0,AdaGrad,49000,0.00686698157812371
gaussian,matched,M2,High entropy,0,AdaGrad,50000,0.006852152171083148
gaussian,matched,M2,High entropy,0,AdaGrad,51000,0.006838615049875152
gaussian,matched,M2,High entropy,0,AdaGrad,52000,0.006822592476536382
gaussian,matched,M2,High entropy,0,AdaGrad,53000,0.006809645878210979
gaussian,matched,M2,High entropy,0,AdaGrad,54000,0.006787461762611802
gaussian,matched,M2,High entropy,0,AdaGrad,55000,0.006780562792854994
gaussian,matched,M2,High entropy,0,AdaGrad,56000,0.006766958248018096
gaussian,matched,M2,High entropy,0,AdaGrad,57000,0.006758290096609887
gaussian,matched,M2,High entropy,0,AdaGrad,58000,0.006746161265148931
gaussian,matched,M2,High entropy,0,AdaGrad,59000,0.006734909925880661
gaussian,matched,M2,High entropy,0,AdaGrad,60000,0.006716055253068731
gaussian,matched,M2,High entropy,0,AdaGrad,61000,0.006704748525116155
gaussian,matched,M2,High entropy,0,AdaGrad,62000,0.0066983223253074264
gaussian,matched,M2,High entropy,0,AdaGrad,63000,0.006690920384805565
gaussian,matched,M2,High entropy,0,AdaGrad,64000,0.006676837020665793
gaussian,matched,M2,High entropy,0,AdaGrad,65000,0.006659615501820593
gaussian,matched,M2,High entropy,0,AdaGrad,66000,0.0066403208668321945
gaussian,matched,M2,High entropy,0,AdaGrad,67000,0.0066316324851718456
gaussian,matched,M2,High entropy,0,AdaGrad,68000,0.006621558035573294
gaussian,matched,M2,High entropy,0,AdaGrad,69000,0.006615078127379714
gaussian,matched,M2,High entropy,0,AdaGrad,70000,0.006605339974844693
gaussian,matched,M2,High entropy,0,AdaGrad,71000,0.006588762384915459
gaussian,matched,M2,High entropy,0,AdaGrad,72000,0.0065710919195471895
gaussian,matched,M2,High entropy,0,AdaGrad,73000,0.0065600463038753
gaussian,matched,M2,High entropy,0,AdaGrad,74000,0.006548421788012959
gaussian,matched,M2,High entropy,0,AdaGrad,75000,0.006537807125282846
gaussian,matched,M2,High entropy,0,AdaGrad,76000,0.006527979798258254
gaussian,matched,M2,High entropy,0,AdaGrad,77000,0.006516165073084945
gaussian,matched,M2,High entropy,0,AdaGrad,78000,0.006509527569876106
gaussian,matched,M2,High entropy,0,AdaGrad,79000,0.006504395624033599
gaussian,matched,M2,High entropy,0,AdaGrad,80000,0.006494437153955701
gaussian,matched,M2,High entropy,0,AdaGrad,81000,0.006482628242287181
gaussian,matched,M2,High entropy,0,AdaGrad,82000,0.006478717676872581
gaussian,matched,M2,High entropy,0,AdaGrad,83000,0.006469138973328015
gaussian,matched,M2,High entropy,0,AdaGrad,84000,0.00646689429908065
gaussian,matched,M2,High entropy,0,AdaGrad,85000,0.006455317284020268
gaussian,matched,M2,High entropy,0,AdaGrad,86000,0.006439044837358576
gaussian,matched,M2,High entropy,0,AdaGrad,87000,0.006426078801322177
gaussian,matched,M2,High entropy,0,AdaGrad,88000,0.006417448716268037
gaussian,matched,M2,High entropy,0,AdaGrad,89000,0.006406414790280479
gaussian,matched,M2,High entropy,0,AdaGrad,90000,0.006397707340115577
gaussian,matched,M2,High entropy,0,AdaGrad,91000,0.006392327639633599
gaussian,matched,M2,High entropy,0,AdaGrad,92000,0.0063858691480445096
gaussian,matched,M2,High entropy,0,AdaGrad,93000,0.006378914113081002
gaussian,matched,M2,High entropy,0,AdaGrad,94000,0.006366493630798775
gaussian,matched,M2,High entropy,0,AdaGrad,95000,0.006350181123394805
gaussian,matched,M2,High entropy,0,AdaGrad,96000,0.006345528150495827
gaussian,matched,M2,High entropy,0,AdaGrad,97000,0.006339512014406523
gaussian,matched,M2,High entropy,0,AdaGrad,98000,0.0063331868071965225
gaussian,matched,M2,High entropy,0,AdaGrad,99000,0.0063222323923972645
gaussian,matched,M2,High entropy,0,AdaGrad,100000,0.006312105695325254
gaussian,matched,M2,High entropy,0,DSNGD,0,0.008046807911060938
gaussian,matched,M2,High entropy,0,DSNGD,1000,0.009278562842188975
gaussian,matched,M2,High entropy,0,DSNGD,2000,0.008874050139575207
gaussian,matched,M2,High entropy,0,DSNGD,3000,0.008127791358615077
gaussian,matched,M2,High entropy,0,DSNGD,4000,0.007905055638822489
gaussian,matched,M2,High entropy,0,DSNGD,5000,0.007608881638896836
gaussian,matched,M2,High entropy,0,DSNGD,6000,0.007369059553462343
gaussian,matched,M2,High entropy,0,DSNGD,7000,0.007261175758321858
gaussian,matched,M2,High entropy,0,DSNGD,8000,0.007170617901012921
gaussian,matched,M2,High entropy,0,DSNGD,9000,0.006878816584183323
gaussian,matched,M2,High entropy,0,DSNGD,10000,0.006767221482995023
gaussian,matched,M2,High entropy,0,DSNGD,11000,0.006559668215246006
gaussian,matched,M2,High entropy,0,DSNGD,12000,0.006427327995005783
gaussian,matched,M2,High entropy,0,DSNGD,13000,0.006233892343279646
gaussian,matched,M2,High entropy,0,DSNGD,14000,0.006118326337790858
gaussian,matched,M2,High entropy,0,DSNGD,15000,0.005994761811539462
gaussian,matched,M2,High entropy,0,DSNGD,16000,0.005887807494520114
gaussian,matched,M2,High entropy,0,DSNGD,17000,0.005787558302143392
gaussian,matched,M2,High entropy,0,DSNGD,18000,0.005690897192228039
gaussian,matched,M2,High entropy,0,DSNGD,19000,0.00564525496733248
gaussian,matched,M2,High entropy,0,DSNGD,20000,0.005660600411560246
gaussian,matched,M2,High entropy,0,DSNGD,21000,0.005652050837596345
gaussian,matched,M2,High entropy,0,DSNGD,22000,0.005442198800562625
gaussian,matched,M2,High entropy,0,DSNGD,23000,0.005279325510815447
gaussian,matched,M2,High entropy,0,DSNGD,24000,0.005212207150052439
gaussian,matched,M2,High entropy,0,DSNGD,25000,0.005207139790593729
gaussian,matched,M2,High entropy,0,DSNGD,26000,0.005169789155615057
gaussian,matched,M2,High entropy,0,DSNGD,27000,0.005107143054537744
gaussian,matched,M2,High entropy,0,DSNGD,28000,0.005028454214511591
gaussian,matched,M2,High entropy,0,DSNGD,29000,0.005041004635768509
gaussian,matched,M2,High entropy,0,DSNGD,30000,0.004991786041300905
gaussian,matched,M2,High entropy,0,DSNGD,31000,0.004990251498823817
gaussian,matched,M2,High entropy,0,DSNGD,32000,0.005007698189219756
gaussian,matched,M2,High entropy,0,DSNGD,33000,0.004918251506122129
gaussian,matched,M2,High entropy,0,DSNGD,34000,0.00492611258442377
gaussian,matched,M2,High entropy,0,DSNGD,35000,0.004896938537822582
gaussian,matched,M2,High entropy,0,DSNGD,36000,0.004867398605110207
gaussian,matched,M2,High entropy,0,DSNGD,37000,0.004803213006343565
gaussian,matched,M2,High entropy,0,DSNGD,38000,0.00472689729476361
gaussian,matched,M2,High entropy,0,DSNGD,39000,0.004684343026861271
gaussian,matched,M2,High entropy,0,DSNGD,40000,0.00457439305847851
gaussian,matched,M2,High entropy,0,DSNGD,41000,0.004501160523440184
gaussian,matched,M2,High entropy,0,DSNGD,42000,0.004457497914013064
gaussian,matched,M2,High entropy,0,DSNGD,43000,0.004417069717887578
gaussian,matched,M2,High entropy,0,DSNGD,44000,0.004379632555323365
gaussian,matched,M2,High entropy,0,DSNGD,45000,0.004322181892277399
gaussian,matched,M2,High entropy,0,DSNGD,46000,0.00432246979519979
gaussian,matched,M2,High entropy,0,DSNGD,47000,0.004315226813078166
gaussian,matched,M2,High entropy,0,DSNGD,48000,0.004268474042847359
gaussian,matched,M2,High entropy,0,DSNGD,49000,0.004278574705668614
gaussian,matched,M2,High entropy,0,DSNGD,50000,0.004242256525083032
gaussian,matched,M2,High entropy,0,DSNGD,51000,0.004222329981319106
gaussian,matched,M2,High entropy,0,DSNGD,52000,0.004184073564893254
gaussian,matched,M2,High entropy,0,DSNGD,53000,0.004157040022208847
gaussian,matched,M2,High entropy,0,DSNGD,54000,0.004090394234545158
gaussian,matched,M2,High entropy,0,DSNGD,55000,0.004071454982114808
gaussian,matched,M2,High entropy,0,DSNGD,56000,0.004049506100467948
gaussian,matched,M2,High entropy,0,DSNGD,57000,0.00402494027171274
gaussian,matched,M2,High entropy,0,DSNGD,58000,0.003993936157287603
gaussian,matched,M2,High entropy,0,DSNGD,59000,0.003965989966518091
gaussian,matched,M2,High entropy,0,DSNGD,60000,0.003911140952630454
gaussian,matched,M2,High entropy,0,DSNGD,61000,0.003883163332305095
gaussian,matched,M2,High entropy,0,DSNGD,62000,0.003878690472592261
gaussian,matched,M2,High entropy,0,DSNGD,63000,0.0038595156906615635
gaussian,matched,M2,High entropy,0,DSNGD,64000,0.003823232878971794
gaussian,matched,M2,High entropy,0,DSNGD,65000,0.0037853824181981466
gaussian,matched,M2,High entropy,0,DSNGD,66000,0.0037425238929329474
gaussian,matched,M2,High entropy,0,DSNGD,67000,0.00372404681079308
gaussian,matched,M2,High entropy,0,DSNGD,68000,0.003718892579030797
gaussian,matched,M2,High entropy,0,DSNGD,69000,0.0037143683229952096
gaussian,matched,M2,High entropy,0,DSNGD,70000,0.0036868321484555544
gaussian,matched,M2,High entropy,0,DSNGD,71000,0.003637887710158161
gaussian,matched,M2,High entropy,0,DSNGD,72000,0.003607828359766696
gaussian,matched,M2,High entropy,0,DSNGD,73000,0.003591283807836021
gaussian,matched,M2,High entropy,0,DSNGD,74000,0.003565205187314291
gaussian,matched,M2,High entropy,0,DSNGD,75000,0.0035292409629321675
gaussian,matched,M2,High entropy,0,DSNGD,76000,0.0035148347352986775
gaussian,matched,M2,High entropy,0,DSNGD,77000,0.003485143203272756
gaussian,matched,M2,High entropy,0,DSNGD,78000,0.003477842500596129
gaussian,matched,M2,High entropy,0,DSNGD,79000,0.0034708973609491878
gaussian,matched,M2,High entropy,0,DSNGD,80000,0.003453693062578811
gaussian,matched,M2,High entropy,0,DSNGD,81000,0.003432964897726709
gaussian,matched,M2,High entropy,0,DSNGD,82000,0.0034250467208383206
gaussian,matched,M2,High entropy,0,DSNGD,83000,0.003413501141844133
gaussian,matched,M2,High entropy,0,DSNGD,84000,0.0034246463091527346
gaussian,matched,M2,High entropy,0,DSNGD,85000,0.003407777292517622
gaussian,matched,M2,High entropy,0,DSNGD,86000,0.003374042707116498
gaussian,matched,M2,High entropy,0,DSNGD,87000,0.0033443062056655037
gaussian,matched,M2,High entropy,0,DSNGD,88000,0.003324173566351618
gaussian,matched,M2,High entropy,0,DSNGD,89000,0.0033101525440208945
gaussian,matched,M2,High entropy,0,DSNGD,90000,0.003285877415157845
gaussian,matched,M2,High entropy,0,DSNGD,91000,0.0032802798172477665
gaussian,matched,M2,High entropy,0,DSNGD,92000,0.0032775597698910808
gaussian,matched,M2,High entropy,0,DSNGD,93000,0.0032732504707673193
gaussian,matched,M2,High entropy,0,DSNGD,94000,0.0032492611805192695
gaussian,matched,M2,High entropy,0,DSNGD,95000,0.0032148202306654383
gaussian,matched,M2,High entropy,0,DSNGD,96000,0.0032051269893966783
gaussian,matched,M2,High entropy,0,DSNGD,97000,0.0031928939780998533
gaussian,matched,M2,High entropy,0,DSNGD,98000,0.0031870672349683105
gaussian,matched,M2,High entropy,0,DSNGD,99000,0.003173428901475095
gaussian,matched,M2,High entropy,0,DSNGD,100000,0.003150810457777542
gaussian,matched,M2,Medium entropy,0,SGD,0,0.4657171614340405
gaussian,matched,M2,Medium entropy,0,SGD,1000,0.15083106965288495
gaussian,matched,M2,Medium entropy,0,SGD,2000,0.09814850824817745
gaussian,matched,M2,Medium entropy,0,SGD,3000,0.07846166665508925
gaussian,matched,M2,Medium entropy,0,SGD,4000,0.06718304816256193
gaussian,matched,M2,Medium entropy,0,SGD,5000,0.05426752823397285
gaussian,matched,M2,Medium entropy,0,SGD,6000,0.04995260178306049
gaussian,matched,M2,Medium entropy,0,SGD,7000,0.04597809913418871
gaussian,matched,M2,Medium entropy,0,SGD,8000,0.041180659839219036
gaussian,matched,M2,Medium entropy,0,SGD,9000,0.03727152803396194
gaussian,matched,M2,Medium entropy,0,SGD,10000,0.0334188806233886
gaussian,matched,M2,Medium entropy,0,SGD,11000,0.030869522932551963
gaussian,matched,M2,Medium entropy,0,SGD,12000,0.030408800133600256
gaussian,matched,M2,Medium entropy,0,SGD,13000,0.02768614911911582
gaussian,matched,M2,Medium entropy,0,SGD,14000,0.026046014328952705
gaussian,matched,M2,Medium entropy,0,SGD,15000,0.02550728032670202
gaussian,matched,M2,Medium entropy,0,SGD,16000,0.024020194625704594
gaussian,matched,M2,Medium entropy,0,SGD,17000,0.023071924881951755
gaussian,matched,M2,Medium entropy,0,SGD,18000,0.021599641547985104
gaussian,matched,M2,Medium entropy,0,SGD,19000,0.02097746607660378
gaussian,matched,M2,Medium entropy,0,SGD,20000,0.020480637876453045
gaussian,matched,M2,Medium entropy,0,SGD,21000,0.020241906295233036
gaussian,matched,M2,Medium entropy,0,SGD,22000,0.01965908856325571
gaussian,matched,M2,Medium entropy,0,SGD,23000,0.018926500893086118
gaussian,matched,M2,Medium entropy,0,SGD,24000,0.01826859747117826
gaussian,matched,M2,Medium entropy,0,SGD,25000,0.017639785478677616
gaussian,matched,M2,Medium entropy,0,SGD,26000,0.016805824349847676
gaussian,matched,M2,Medium entropy,0,SGD,27000,0.016557907250440262
gaussian,matched,M2,Medium entropy,0,SGD,28000,0.0162342745096673
gaussian,matched,M2,Medium entropy,0,SGD,29000,0.015483071076540789
gaussian,matched,M2,Medium entropy,0,SGD,30000,0.015104823207791718
gaussian,matched,M2,Medium entropy,0,SGD,31000,0.014662281519818077
gaussian,matched,M2,Medium entropy,0,SGD,32000,0.014306528657586526
gaussian,matched,M2,Medium entropy,0,SGD,33000,0.0139600633868735
gaussian,matched,M2,Medium entropy,0,SGD,34000,0.013550903757029609
gaussian,matched,M2,Medium entropy,0,SGD,35000,0.0133829107620147
gaussian,matched,M2,Medium entropy,0,SGD,36000,0.013157906057718716
gaussian,matched,M2,Medium entropy,0,SGD,37000,0.013015871455215766
gaussian,matched,M2,Medium entropy,0,SGD,38000,0.012722740760849227
gaussian,matched,M2,Medium entropy,0,SGD,39000,0.012261501608937575
gaussian,matched,M2,Medium entropy,0,SGD,40000,0.012240419515284984
gaussian,matched,M2,Medium entropy,0,SGD,41000,0.012053339447956724
gaussian,matched,M2,Medium entropy,0,SGD,42000,0.01188055333456317
gaussian,matched,M2,Medium entropy,0,SGD,43000,0.01167892340520682
gaussian,matched,M2,Medium entropy,0,SGD,44000,0.011465109241615146
gaussian,matched,M2,Medium entropy,0,SGD,45000,0.01138191450610293
gaussian,matched,M2,Medium entropy,0,SGD,46000,0.011310864978512747
gaussian,matched,M2,Medium entropy,0,SGD,47000,0.010777947326544357
gaussian,matched,M2,Medium entropy,0,SGD,48000,0.010735127305129932
gaussian,matched,M2,Medium entropy,0,SGD,49000,0.010904186690142037
gaussian,matched,M2,Medium entropy,0,SGD,50000,0.010772523809129186
gaussian,matched,M2,Medium entropy,0,SGD,51000,0.010725235591288573
gaussian,matched,M2,Medium entropy,0,SGD,52000,0.01063248473009537
gaussian,matched,M2,Medium entropy,0,SGD,53000,0.010453740836314562
gaussian,matched,M2,Medium entropy,0,SGD,54000,0.010287620885083726
gaussian,matched,M2,Medium entropy,0,SGD,55000,0.010078822872005677
gaussian,matched,M2,Medium entropy,0,SGD,56000,0.009814901854488856
gaussian,matched,M2,Medium entropy,0,SGD,57000,0.00979320715267118
gaussian,matched,M2,Medium entropy,0,SGD,58000,0.009680081703575816
gaussian,matched,M2,Medium entropy,0,SGD,59000,0.009404582503583558
gaussian,matched,M2,Medium entropy,0,SGD,60000,0.009279738150639538
gaussian,matched,M2,Medium entropy,0,SGD,61000,0.009157445263747732
gaussian,matched,M2,Medium entropy,0,SGD,62000,0.009205385934381027
gaussian,matched,M2,Medium entropy,0,SGD,63000,0.00894021950750501
gaussian,matched,M2,Medium entropy,0,SGD,64000,0.008985936769740466
gaussian,matched,M2,Medium entropy,0,SGD,65000,0.008913153363695248
gaussian,matched,M2,Medium entropy,0,SGD,66000,0.008956227856116605
gaussian,matched,M2,Medium entropy,0,SGD,67000,0.008947302920314204
gaussian,matched,M2,Medium entropy,0,SGD,68000,0.008719468850269863
gaussian,matched,M2,Medium entropy,0,SGD,69000,0.008565242523133065
gaussian,matched,M2,Medium entropy,0,SGD,70000,0.008530320631832122
gaussian,matched,M2,Medium entropy,0,SGD,71000,0.00851773740981443
gaussian,matched,M2,Medium entropy,0,SGD,72000,0.008516518093946157
gaussian,matched,M2,Medium entropy,0,SGD,73000,0.00846708521630557
gaussian,matched,M2,Medium entropy,0,SGD,74000,0.008413866531373326
gaussian,matched,M2,Medium entropy,0,SGD,75000,0.00833670806841802
gaussian,matched,M2,Medium entropy,0,SGD,76000,0.008317590950672749
gaussian,matched,M2,Medium entropy,0,SGD,77000,0.008160838193654651
gaussian,matched,M2,Medium entropy,0,SGD,78000,0.008147324784171683
gaussian,matched,M2,Medium entropy,0,SGD,79000,0.008047779750171458
gaussian,matched,M2,Medium entropy,0,SGD,80000,0.008120100437272626
gaussian,matched,M2,Medium entropy,0,SGD,81000,0.007955769808948077
gaussian,matched,M2,Medium entropy,0,SGD,82000,0.007860422175740123
gaussian,matched,M2,Medium entropy,0,SGD,83000,0.0076851888380939926
gaussian,matched,M2,Medium entropy,0,SGD,84000,0.007653874395633586
gaussian,matched,M2,Medium entropy,0,SGD,85000,0.007672564075714039
gaussian,matched,M2,Medium entropy,0,SGD,86000,0.007557462164945683
gaussian,matched,M2,Medium entropy,0,SGD,87000,0.007496653028770783
gaussian,matched,M2,Medium entropy,0,SGD,88000,0.007514854361861278
gaussian,matched,M2,Medium entropy,0,SGD,89000,0.007456257510053632
gaussian,matched,M2,Medium entropy,0,SGD,90000,0.007427549645397491
gaussian,matched,M2,Medium entropy,0,SGD,91000,0.007252657210725211
gaussian,matched,M2,Medium entropy,0,SGD,92000,0.007174455426940174
gaussian,matched,M2,Medium entropy,0,SGD,93000,0.007035072418170252
gaussian,matched,M2,Medium entropy,0,SGD,94000,0.007051840290400513
gaussian,matched,M2,Medium entropy,0,SGD,95000,0.006943520761405253
gaussian,matched,M2,Medium entropy,0,SGD,96000,0.006984073871182606
gaussian,matched,M2,Medium entropy,0,SGD,97000,0.006973334905961082
gaussian,matched,M2,Medium entropy,0,SGD,98000,0.006841512966303309
gaussian,matched,M2,Medium entropy,0,SGD,99000,0.006900116201378204
gaussian,matched,M2,Medium entropy,0,SGD,100000,0.006865673859460131
gaussian,matched,M2,Medium entropy,0,AdaGrad,0,0.4657171614340405
gaussian,matched,M2,Medium entropy,0,AdaGrad,1000,0.26579931527474
gaussian,matched,M2,Medium entropy,0,AdaGrad,2000,0.1776776828031883
gaussian,matched,M2,Medium entropy,0,AdaGrad,3000,0.14100702199215442
gaussian,matched,M2,Medium entropy,0,AdaGrad,4000,0.11989463898141839
gaussian,matched,M2,Medium entropy,0,AdaGrad,5000,0.10126868336299166
gaussian,matched,M2,Medium entropy,0,AdaGrad,6000,0.09155161207832707
gaussian,matched,M2,Medium entropy,0,AdaGrad,7000,0.08505540600443462
gaussian,matched,M2,Medium entropy,0,AdaGrad,8000,0.07599535988393002
gaussian,matched,M2,Medium entropy,0,AdaGrad,9000,0.06946536008184312
gaussian,matched,M2,Medium entropy,0,AdaGrad,10000,0.0635862203191846
gaussian,matched,M2,Medium entropy,0,AdaGrad,11000,0.05811420852693061
gaussian,matched,M2,Medium entropy,0,AdaGrad,12000,0.055592783758457553
gaussian,matched,M2,Medium entropy,0,AdaGrad,13000,0.05227655846028334
gaussian,matched,M2,Medium entropy,0,AdaGrad,14000,0.0494001587287225
gaussian,matched,M2,Medium entropy,0,AdaGrad,15000,0.04783900353520654
gaussian,matched,M2,Medium entropy,0,AdaGrad,16000,0.04415543259332688
gaussian,matched,M2,Medium entropy,0,AdaGrad,17000,0.04140160313632313
gaussian,matched,M2,Medium entropy,0,AdaGrad,18000,0.03661884794305381
gaussian,matched,M2,Medium entropy,0,AdaGrad,19000,0.03448446565347485
gaussian,matched,M2,Medium entropy,0,AdaGrad,20000,0.03343363305615821
gaussian,matched,M2,Medium entropy,0,AdaGrad,21000,0.03235022894963269
gaussian,matched,M2,Medium entropy,0,AdaGrad,22000,0.03067841392439874
gaussian,matched,M2,Medium entropy,0,AdaGrad,23000,0.028747711558852806
gaussian,matched,M2,Medium entropy,0,AdaGrad,24000,0.026853004609183273
gaussian,matched,M2,Medium entropy,0,AdaGrad,25000,0.025857451733191983
gaussian,matched,M2,Medium entropy,0,AdaGrad,26000,0.023461661341082962
gaussian,matched,M2,Medium entropy,0,AdaGrad,27000,0.023256636659020113
gaussian,matched,M2,Medium entropy,0,AdaGrad,28000,0.02361568931570268
gaussian,matched,M2,Medium entropy,0,AdaGrad,29000,0.02158037705369331
gaussian,matched,M2,Medium entropy,0,AdaGrad,30000,0.021582786862936576
gaussian,matched,M2,Medium entropy,0,AdaGrad,31000,0.020340077367087872
gaussian,matched,M2,Medium entropy,0,AdaGrad,32000,0.020765611866186973
gaussian,matched,M2,Medium entropy,0,AdaGrad,33000,0.019825982511870066
gaussian,matched,M2,Medium entropy,0,AdaGrad,34000,0.019076116119667308
gaussian,matched,M2,Medium entropy,0,AdaGrad,35000,0.01803533466890661
gaussian,matched,M2,Medium entropy,0,AdaGrad,36000,0.01883942572011632
gaussian,matched,M2,Medium entropy,0,AdaGrad,37000,0.018610212317689445
gaussian,matched,M2,Medium entropy,0,AdaGrad,38000,0.01693982452419851
gaussian,matched,M2,Medium entropy,0,AdaGrad,39000,0.016062898852271523
gaussian,matched,M2,Medium entropy,0,AdaGrad,40000,0.016832736041735075
gaussian,matched,M2,Medium entropy,0,AdaGrad,41000,0.01631052645516018
gaussian,matched,M2,Medium entropy,0,AdaGrad,42000,0.016174424683339073
gaussian,matched,M2,Medium entropy,0,AdaGrad,43000,0.01628423734113227
gaussian,matched,M2,Medium entropy,0,AdaGrad,44000,0.015614246351268068
gaussian,matched,M2,Medium entropy,0,AdaGrad,45000,0.015319251418888236
gaussian,matched,M2,Medium entropy,0,AdaGrad,46000,0.015327976444505342
gaussian,matched,M2,Medium entropy,0,AdaGrad,47000,0.014062895268293296
gaussian,matched,M2,Medium entropy,0,AdaGrad,48000,0.014168875804870584
gaussian,matched,M2,Medium entropy,0,AdaGrad,49000,0.015290043112828666
gaussian,matched,M2,Medium entropy,0,AdaGrad,50000,0.015224060862102817
gaussian,matched,M2,Medium entropy,0,AdaGrad,51000,0.014981086894914508
gaussian,matched,M2,Medium entropy,0,AdaGrad,52000,0.015285775865248041
gaussian,matched,M2,Medium entropy,0,AdaGrad,53000,0.014348523600441254
gaussian,matched,M2,Medium entropy,0,AdaGrad,54000,0.013844729943528034
gaussian,matched,M2,Medium entropy,0,AdaGrad,55000,0.013691306009320225
gaussian,matched,M2,Medium entropy,0,AdaGrad,56000,0.013137571737222409
gaussian,matched,M2,Medium entropy,0,AdaGrad,57000,0.013584192667679407
gaussian,matched,M2,Medium entropy,0,AdaGrad,58000,0.013390939553928671
gaussian,matched,M2,Medium entropy,0,AdaGrad,59000,0.012586712458335203
gaussian,matched,M2,Medium entropy,0,AdaGrad,60000,0.013051046475839101
gaussian,matched,M2,Medium entropy,0,AdaGrad,61000,0.012569350640339039
gaussian,matched,M2,Medium entropy,0,AdaGrad,62000,0.012610423918978153
gaussian,matched,M2,Medium entropy,0,AdaGrad,63000,0.011378689564238265
gaussian,matched,M2,Medium entropy,0,AdaGrad,64000,0.011781855158654597
gaussian,matched,M2,Medium entropy,0,AdaGrad,65000,0.01111421609536567
gaussian,matched,M2,Medium entropy,0,AdaGrad,66000,0.011371807237930742
gaussian,matched,M2,Medium entropy,0,AdaGrad,67000,0.011944513502744059
gaussian,matched,M2,Medium entropy,0,AdaGrad,68000,0.011365393095235099
gaussian,matched,M2,Medium entropy,0,AdaGrad,69000,0.010808595058445558
gaussian,matched,M2,Medium entropy,0,AdaGrad,70000,0.010473990162636948
gaussian,matched,M2,Medium entropy,0,AdaGrad,71000,0.01033395503985135
gaussian,matched,M2,Medium entropy,0,AdaGrad,72000,0.010952077674394545
gaussian,matched,M2,Medium entropy,0,AdaGrad,73000,0.011032708447732187
gaussian,matched,M2,Medium entropy,0,AdaGrad,74000,0.012061932367811945
gaussian,matched,M2,Medium entropy,0,AdaGrad,75000,0.011999626572399613
gaussian,matched,M2,Medium entropy,0,AdaGrad,76000,0.012248383648079564
gaussian,matched,M2,Medium entropy,0,AdaGrad,77000,0.011764065578641958
gaussian,matched,M2,Medium entropy,0,AdaGrad,78000,0.012388617134946323
gaussian,matched,M2,Medium entropy,0,AdaGrad,79000,0.012486109517327648
gaussian,matched,M2,Medium entropy,0,AdaGrad,80000,0.013134966820892657
gaussian,matched,M2,Medium entropy,0,AdaGrad,81000,0.01143501438335326
gaussian,matched,M2,Medium entropy,0,AdaGrad,82000,0.011109271143272093
gaussian,matched,M2,Medium entropy,0,AdaGrad,83000,0.010356535338669204
gaussian,matched,M2,Medium entropy,0,AdaGrad,84000,0.010266961768048866
gaussian,matched,M2,Medium entropy,0,AdaGrad,85000,0.010600032983313135
gaussian,matched,M2,Medium entropy,0,AdaGrad,86000,0.009751387228328134
gaussian,matched,M2,Medium entropy,0,AdaGrad,87000,0.009862656073801546
gaussian,matched,M2,Medium entropy,0,AdaGrad,88000,0.009829472834459008
gaussian,matched,M2,Medium entropy,0,AdaGrad,89000,0.010057775183184958
gaussian,matched,M2,Medium entropy,0,AdaGrad,90000,0.0096871731315602
gaussian,matched,M2,Medium entropy,0,AdaGrad,91000,0.009022165876252153
gaussian,matched,M2,Medium entropy,0,AdaGrad,92000,0.00895572849171744
gaussian,matched,M2,Medium entropy,0,AdaGrad,93000,0.008571891248692953
gaussian,matched,M2,Medium entropy,0,AdaGrad,94000,0.008739164584197212
gaussian,matched,M2,Medium entropy,0,AdaGrad,95000,0.008263522202085039
gaussian,matched,M2,Medium entropy,0,AdaGrad,96000,0.008724259554591551
gaussian,matched,M2,Medium entropy,0,AdaGrad,97000,0.008753123417234221
gaussian,matched,M2,Medium entropy,0,AdaGrad,98000,0.008382678714648595
gaussian,matched,M2,Medium entropy,0,AdaGrad,99000,0.008593507066894546
gaussian,matched,M2,Medium entropy,0,AdaGrad,100000,0.008881483972970283
gaussian,matched,M2,Medium entropy,0,DSNGD,0,0.4657171614340405
gaussian,matched,M2,Medium entropy,0,DSNGD,1000,0.13823326887346532
gaussian,matched,M2,Medium entropy,0,DSNGD,2000,0.09681348845820592
gaussian,matched,M2,Medium entropy,0,DSNGD,3000,0.08010222958915314
gaussian,matched,M2,Medium entropy,0,DSNGD,4000,0.07014206033046655
gaussian,matched,M2,Medium entropy,0,DSNGD,5000,0.05469681167070117
gaussian,matched,M2,Medium entropy,0,DSNGD,6000,0.04859175284559658
gaussian,matched,M2,Medium entropy,0,DSNGD,7000,0.04638819593672938
gaussian,matched,M2,Medium entropy,0,DSNGD,8000,0.03949884283647398
gaussian,matched,M2,Medium entropy,0,DSNGD,9000,0.036161044606752846
gaussian,matched,M2,Medium entropy,0,DSNGD,10000,0.03293155944805548
gaussian,matched,M2,Medium entropy,0,DSNGD,11000,0.03020820063667884
gaussian,matched,M2,Medium entropy,0,DSNGD,12000,0.028804698547201024
gaussian,matched,M2,Medium entropy,0,DSNGD,13000,0.027463236479150055
gaussian,matched,M2,Medium entropy,0,DSNGD,14000,0.027118688983274186
gaussian,matched,M2,Medium entropy,0,DSNGD,15000,0.02626379999659134
gaussian,matched,M2,Medium entropy,0,DSNGD,16000,0.024893234826875332
gaussian,matched,M2,Medium entropy,0,DSNGD,17000,0.023271319075088837
gaussian,matched,M2,Medium entropy,0,DSNGD,18000,0.020559465551585276
gaussian,matched,M2,Medium entropy,0,DSNGD,19000,0.019328723619799426
gaussian,matched,M2,Medium entropy,0,DSNGD,20000,0.019047369113730728
gaussian,matched,M2,Medium entropy,0,DSNGD,21000,0.018926677285326043
gaussian,matched,M2,Medium entropy,0,DSNGD,22000,0.018492336637704554
gaussian,matched,M2,Medium entropy,0,DSNGD,23000,0.01757626621164965
gaussian,matched,M2,Medium entropy,0,DSNGD,24000,0.016541843247945387
gaussian,matched,M2,Medium entropy,0,DSNGD,25000,0.015570675393863365
gaussian,matched,M2,Medium entropy,0,DSNGD,26000,0.014507505949842514
gaussian,matched,M2,Medium entropy,0,DSNGD,27000,0.014317303544091775
gaussian,matched,M2,Medium entropy,0,DSNGD,28000,0.014399250232705718
gaussian,matched,M2,Medium entropy,0,DSNGD,29000,0.013242526407171162
gaussian,matched,M2,Medium entropy,0,DSNGD,30000,0.012595924826650506
gaussian,matched,M2,Medium entropy,0,DSNGD,31000,0.011837744632543057
gaussian,matched,M2,Medium entropy,0,DSNGD,32000,0.011806612913970227
gaussian,matched,M2,Medium entropy,0,DSNGD,33000,0.011702789573423189
gaussian,matched,M2,Medium entropy,0,DSNGD,34000,0.011099779777536511
gaussian,matched,M2,Medium entropy,0,DSNGD,35000,0.010832555871428617
gaussian,matched,M2,Medium entropy,0,DSNGD,36000,0.01104126689594187
gaussian,matched,M2,Medium entropy,0,DSNGD,37000,0.010948107815852648
gaussian,matched,M2,Medium entropy,0,DSNGD,38000,0.01016892436367689
gaussian,matched,M2,Medium entropy,0,DSNGD,39000,0.009516292192991216
gaussian,matched,M2,Medium entropy,0,DSNGD,40000,0.0098182829644613
gaussian,matched,M2,Medium entropy,0,DSNGD,41000,0.00944742506621088
gaussian,matched,M2,Medium entropy,0,DSNGD,42000,0.009160997525575532
gaussian,matched,M2,Medium entropy,0,DSNGD,43000,0.009140841621565254
gaussian,matched,M2,Medium entropy,0,DSNGD,44000,0.008852989871444006
gaussian,matched,M2,Medium entropy,0,DSNGD,45000,0.008879554951903401
gaussian,matched,M2,Medium entropy,0,DSNGD,46000,0.008636789004732304
gaussian,matched,M2,Medium entropy,0,DSNGD,47000,0.008243521117467623
gaussian,matched,M2,Medium entropy,0,DSNGD,48000,0.007878225305754771
gaussian,matched,M2,Medium entropy,0,DSNGD,49000,0.008095503524861769
gaussian,matched,M2,Medium entropy,0,DSNGD,50000,0.008072302884405413
gaussian,matched,M2,Medium entropy,0,DSNGD,51000,0.008070044890613914
gaussian,matched,M2,Medium entropy,0,DSNGD,52000,0.008127897955837238
gaussian,matched,M2,Medium entropy,0,DSNGD,53000,0.007577539845808001
gaussian,matched,M2,Medium entropy,0,DSNGD,54000,0.007408840707322728
gaussian,matched,M2,Medium entropy,0,DSNGD,55000,0.007191144369208757
gaussian,matched,M2,Medium entropy,0,DSNGD,56000,0.006923953781270864
gaussian,matched,M2,Medium entropy,0,DSNGD,57000,0.0070782187510500805
gaussian,matched,M2,Medium entropy,0,DSNGD,58000,0.00689926925860318
gaussian,matched,M2,Medium entropy,0,DSNGD,59000,0.006423959438470739
gaussian,matched,M2,Medium entropy,0,DSNGD,60000,0.0066807827282371335
gaussian,matched,M2,Medium entropy,0,DSNGD,61000,0.006299092654151739
gaussian,matched,M2,Medium entropy,0,DSNGD,62000,0.006461590646660742
gaussian,matched,M2,Medium entropy,0,DSNGD,63000,0.005920455997801
gaussian,matched,M2,Medium entropy,0,DSNGD,64000,0.005907779551283188
gaussian,matched,M2,Medium entropy,0,DSNGD,65000,0.0056279538141277285
gaussian,matched,M2,Medium entropy,0,DSNGD,66000,0.005980844114122252
gaussian,matched,M2,Medium entropy,0,DSNGD,67000,0.0059434303638772334
gaussian,matched,M2,Medium entropy,0,DSNGD,68000,0.005790646649433739
gaussian,matched,M2,Medium entropy,0,DSNGD,69000,0.0054953965540955885
gaussian,matched,M2,Medium entropy,0,DSNGD,70000,0.005354769440476748
gaussian,matched,M2,Medium entropy,0,DSNGD,71000,0.005328534085691672
gaussian,matched,M2,Medium entropy,0,DSNGD,72000,0.005349853855566078
gaussian,matched,M2,Medium entropy,0,DSNGD,73000,0.00525270457510052
gaussian,matched,M2,Medium entropy,0,DSNGD,74000,0.005421343151455371
gaussian,matched,M2,Medium entropy,0,DSNGD,75000,0.00548745090132563
gaussian,matched,M2,Medium entropy,0,DSNGD,76000,0.005574144560769767
gaussian,matched,M2,Medium entropy,0,DSNGD,77000,0.005493021840776269
gaussian,matched,M2,Medium entropy,0,DSNGD,78000,0.005441126415590247
gaussian,matched,M2,Medium entropy,0,DSNGD,79000,0.00521521317832585
gaussian,matched,M2,Medium entropy,0,DSNGD,80000,0.0053624886228980095
gaussian,matched,M2,Medium entropy,0,DSNGD,81000,0.005106624172010132
gaussian,matched,M2,Medium entropy,0,DSNGD,82000,0.004889442292846269
gaussian,matched,M2,Medium entropy,0,DSNGD,83000,0.004545276957653055
gaussian,matched,M2,Medium entropy,0,DSNGD,84000,0.0044532871536842045
gaussian,matched,M2,Medium entropy,0,DSNGD,85000,0.0045176252824727925
gaussian,matched,M2,Medium entropy,0,DSNGD,86000,0.004238468790073835
gaussian,matched,M2,Medium entropy,0,DSNGD,87000,0.0042844443532592535
gaussian,matched,M2,Medium entropy,0,DSNGD,88000,0.004346879400492831
gaussian,matched,M2,Medium entropy,0,DSNGD,89000,0.004462748744368472
gaussian,matched,M2,Medium entropy,0,DSNGD,90000,0.0043163785274189514
gaussian,matched,M2,Medium entropy,0,DSNGD,91000,0.003961839669986311
gaussian,matched,M2,Medium entropy,0,DSNGD,92000,0.0039040830684973216
gaussian,matched,M2,Medium entropy,0,DSNGD,93000,0.003746009979589182
gaussian,matched,M2,Medium entropy,0,DSNGD,94000,0.0038501279992972925
gaussian,matched,M2,Medium entropy,0,DSNGD,95000,0.0036812983687988243
gaussian,matched,M2,Medium entropy,0,DSNGD,96000,0.003724422645019043
gaussian,matched,M2,Medium entropy,0,DSNGD,97000,0.0035720449285676636
gaussian,matched,M2,Medium entropy,0,DSNGD,98000,0.0034906572706461247
gaussian,matched,M2,Medium entropy,0,DSNGD,99000,0.0035314042658876055
gaussian,matched,M2,Medium entropy,0,DSNGD,100000,0.0034697371277641054
gaussian,matched,M2,Low entropy,0,SGD,0,0.6315038866593716
gaussian,matched,M2,Low entropy,0,SGD,1000,0.2283084583422621
gaussian,matched,M2,Low entropy,0,SGD,2000,0.15229795798603485
gaussian,matched,M2,Low entropy,0,SGD,3000,0.11814308775278404
gaussian,matched,M2,Low entropy,0,SGD,4000,0.0918284927636761
gaussian,matched,M2,Low entropy,0,SGD,5000,0.0786906680964492
gaussian,matched,M2,Low entropy,0,SGD,6000,0.06742426743800145
gaussian,matched,M2,Low entropy,0,SGD,7000,0.06298199136562754
gaussian,matched,M2,Low entropy,0,SGD,8000,0.058101516693734645
gaussian,matched,M2,Low entropy,0,SGD,9000,0.05404436651470368
gaussian,matched,M2,Low entropy,0,SGD,10000,0.04930078321076259
gaussian,matched,M2,Low entropy,0,SGD,11000,0.04564021651670558
gaussian,matched,M2,Low entropy,0,SGD,12000,0.04275564718344338
gaussian,matched,M2,Low entropy,0,SGD,13000,0.03926681269529242
gaussian,matched,M2,Low entropy,0,SGD,14000,0.03875970079417268
gaussian,matched,M2,Low entropy,0,SGD,15000,0.03777162433707204
gaussian,matched,M2,Low entropy,0,SGD,16000,0.03707294853824061
gaussian,matched,M2,Low entropy,0,SGD,17000,0.0364628682793553
gaussian,matched,M2,Low entropy,0,SGD,18000,0.03564217551814375
gaussian,matched,M2,Low entropy,0,SGD,19000,0.03460071218424954
gaussian,matched,M2,Low entropy,0,SGD,20000,0.033904478065954535
gaussian,matched,M2,Low entropy,0,SGD,21000,0.03274605374844475
gaussian,matched,M2,Low entropy,0,SGD,22000,0.031687768245789005
gaussian,matched,M2,Low entropy,0,SGD,23000,0.03071654232801091
gaussian,matched,M2,Low entropy,0,SGD,24000,0.030701099690919165
gaussian,matched,M2,Low entropy,0,SGD,25000,0.030025119915313425
gaussian,matched,M2,Low entropy,0,SGD,26000,0.029911133250946964
gaussian,matched,M2,Low entropy,0,SGD,27000,0.02946930202328657
gaussian,matched,M2,Low entropy,0,SGD,28000,0.02877844004969443
gaussian,matched,M2,Low entropy,0,SGD,29000,0.028437481465851455
gaussian,matched,M2,Low entropy,0,SGD,30000,0.027773669502004328
gaussian,matched,M2,Low entropy,0,SGD,31000,0.02731884701528653
gaussian,matched,M2,Low entropy,0,SGD,32000,0.02640470587891608
gaussian,matched,M2,Low entropy,0,SGD,33000,0.02617990362374334
gaussian,matched,M2,Low entropy,0,SGD,34000,0.02570853702801479
gaussian,matched,M2,Low entropy,0,SGD,35000,0.02502945688593705
gaussian,matched,M2,Low entropy,0,SGD,36000,0.024493288600148322
gaussian,matched,M2,Low entropy,0,SGD,37000,0.0245487584279922
gaussian,matched,M2,Low entropy,0,SGD,38000,0.024681680992546973
gaussian,matched,M2,Low entropy,0,SGD,39000,0.024738495736604804
gaussian,matched,M2,Low entropy,0,SGD,40000,0.024718209192752028
gaussian,matched,M2,Low entropy,0,SGD,41000,0.024535919666196726
gaussian,matched,M2,Low entropy,0,SGD,42000,0.024068724425923893
gaussian,matched,M2,Low entropy,0,SGD,43000,0.02389506469735414
gaussian,matched,M2,Low entropy,0,SGD,44000,0.02325993909739754
gaussian,matched,M2,Low entropy,0,SGD,45000,0.022992555727609165
gaussian,matched,M2,Low entropy,0,SGD,46000,0.022827370631332222
gaussian,matched,M2,Low entropy,0,SGD,47000,0.02256247704257852
gaussian,matched,M2,Low entropy,0,SGD,48000,0.022455421783905916
gaussian,matched,M2,Low entropy,0,SGD,49000,0.022320644483347696
gaussian,matched,M2,Low entropy,0,SGD,50000,0.022021382469191497
gaussian,matched,M2,Low entropy,0,SGD,51000,0.021719796297755778
gaussian,matched,M2,Low entropy,0,SGD,52000,0.0213589280840476
gaussian,matched,M2,Low entropy,0,SGD,53000,0.021292589226197478
gaussian,matched,M2,Low entropy,0,SGD,54000,0.020976552086907407
gaussian,matched,M2,Low entropy,0,SGD,55000,0.020851181482755
gaussian,matched,M2,Low entropy,0,SGD,56000,0.020814229367302595
gaussian,matched,M2,Low entropy,0,SGD,57000,0.020830894265317923
gaussian,matched,M2,Low entropy,0,SGD,58000,0.020620532371451006
gaussian,matched,M2,Low entropy,0,SGD,59000,0.02040750444634032
gaussian,matched,M2,Low entropy,0,SGD,60000,0.020205470276764004
gaussian,matched,M2,Low entropy,0,SGD,61000,0.019972868431680446
gaussian,matched,M2,Low entropy,0,SGD,62000,0.019689264900247583
gaussian,matched,M2,Low entropy,0,SGD,63000,0.0194816186048552
gaussian,matched,M2,Low entropy,0,SGD,64000,0.01922615263748728
gaussian,matched,M2,Low entropy,0,SGD,65000,0.01915780766312114
gaussian,matched,M2,Low entropy,0,SGD,66000,0.019039001115490173
gaussian,matched,M2,Low entropy,0,SGD,67000,0.018874165417719357
gaussian,matched,M2,Low entropy,0,SGD,68000,0.018782082775758546
gaussian,matched,M2,Low entropy,0,SGD,69000,0.018765517910514173
gaussian,matched,M2,Low entropy,0,SGD,70000,0.018723893380532264
gaussian,matched,M2,Low entropy,0,SGD,71000,0.01867531609244688
gaussian,matched,M2,Low entropy,0,SGD,72000,0.018573816816727096
gaussian,matched,M2,Low entropy,0,SGD,73000,0.018610118937114173
gaussian,matched,M2,Low entropy,0,SGD,74000,0.018534064610112644
gaussian,matched,M2,Low entropy,0,SGD,75000,0.018431323174065817
gaussian,matched,M2,Low entropy,0,SGD,76000,0.01839514435226297
gaussian,matched,M2,Low entropy,0,SGD,77000,0.01830897783697205
gaussian,matched,M2,Low entropy,0,SGD,78000,0.018152029401930392
gaussian,matched,M2,Low entropy,0,SGD,79000,0.0181409020029073
gaussian,matched,M2,Low entropy,0,SGD,80000,0.018058087908908504
gaussian,matched,M2,Low entropy,0,SGD,81000,0.017890595732825698
gaussian,matched,M2,Low entropy,0,SGD,82000,0.01787623848397013
gaussian,matched,M2,Low entropy,0,SGD,83000,0.017945491252739032
gaussian,matched,M2,Low entropy,0,SGD,84000,0.01777006641353429
gaussian,matched,M2,Low entropy,0,SGD,85000,0.017734861670438917
gaussian,matched,M2,Low entropy,0,SGD,86000,0.017666309172997163
gaussian,matched,M2,Low entropy,0,SGD,87000,0.01760918253203947
gaussian,matched,M2,Low entropy,0,SGD,88000,0.017452987220758054
gaussian,matched,M2,Low entropy,0,SGD,89000,0.017380252643164784
gaussian,matched,M2,Low entropy,0,SGD,90000,0.017372544311311966
gaussian,matched,M2,Low entropy,0,SGD,91000,0.017332964715067956
gaussian,matched,M2,Low entropy,0,SGD,92000,0.017348644301779625
gaussian,matched,M2,Low entropy,0,SGD,93000,0.017247288178732223
gaussian,matched,M2,Low entropy,0,SGD,94000,0.017148734382303576
gaussian,matched,M2,Low entropy,0,SGD,95000,0.017116869207542074
gaussian,matched,M2,Low entropy,0,SGD,96000,0.017092268938820432
gaussian,matched,M2,Low entropy,0,SGD,97000,0.016898848183754644
gaussian,matched,M2,Low entropy,0,SGD,98000,0.016766925305152114
gaussian,matched,M2,Low entropy,0,SGD,99000,0.01669925553011753
gaussian,matched,M2,Low entropy,0,SGD,100000,0.016706873435131442
gaussian,matched,M2,Low entropy,0,AdaGrad,0,0.6315038866593716
gaussian,matched,M2,Low entropy,0,AdaGrad,1000,0.2738971916058617
gaussian,matched,M2,Low entropy,0,AdaGrad,2000,0.1896334167088618
gaussian,matched,M2,Low entropy,0,AdaGrad,3000,0.1412915932123835
gaussian,matched,M2,Low entropy,0,AdaGrad,4000,0.10996309319493358
gaussian,matched,M2,Low entropy,0,AdaGrad,5000,0.09235579136794847
gaussian,matched,M2,Low entropy,0,AdaGrad,6000,0.07989752921961113
gaussian,matched,M2,Low entropy,0,AdaGrad,7000,0.0735318903030886
gaussian,matched,M2,Low entropy,0,AdaGrad,8000,0.06718886107566213
gaussian,matched,M2,Low entropy,0,AdaGrad,9000,0.06198678667065849
gaussian,matched,M2,Low entropy,0,AdaGrad,10000,0.0555120862199332
gaussian,matched,M2,Low entropy,0,AdaGrad,11000,0.05265930794130291
gaussian,matched,M2,Low entropy,0,AdaGrad,12000,0.049149642894677825
gaussian,matched,M2,Low entropy,0,AdaGrad,13000,0.041530053657361066
gaussian,matched,M2,Low entropy,0,AdaGrad,14000,0.04214333889738109
gaussian,matched,M2,Low entropy,0,AdaGrad,15000,0.04030312741440589
gaussian,matched,M2,Low entropy,0,AdaGrad,16000,0.04037388188433155
gaussian,matched,M2,Low entropy,0,AdaGrad,17000,0.03916235727293138
gaussian,matched,M2,Low entropy,0,AdaGrad,18000,0.03726219379442641
gaussian,matched,M2,Low entropy,0,AdaGrad,19000,0.036318518206678085
gaussian,matched,M2,Low entropy,0,AdaGrad,20000,0.035763289607543935
gaussian,matched,M2,Low entropy,0,AdaGrad,21000,0.033426702260024754
gaussian,matched,M2,Low entropy,0,AdaGrad,22000,0.03125526544940049
gaussian,matched,M2,Low entropy,0,AdaGrad,23000,0.03055342250352666
gaussian,matched,M2,Low entropy,0,AdaGrad,24000,0.03090669203390295
gaussian,matched,M2,Low entropy,0,AdaGrad,25000,0.029166308962421006
gaussian,matched,M2,Low entropy,0,AdaGrad,26000,0.02999238962328521
gaussian,matched,M2,Low entropy,0,AdaGrad,27000,0.029683926746855605
gaussian,matched,M2,Low entropy,0,AdaGrad,28000,0.02852986883943931
gaussian,matched,M2,Low entropy,0,AdaGrad,29000,0.027774730863106445
gaussian,matched,M2,Low entropy,0,AdaGrad,30000,0.026124501057205318
gaussian,matched,M2,Low entropy,0,AdaGrad,31000,0.025301635034876924
gaussian,matched,M2,Low entropy,0,AdaGrad,32000,0.023723483307865223
gaussian,matched,M2,Low entropy,0,AdaGrad,33000,0.02418886667307074
gaussian,matched,M2,Low entropy,0,AdaGrad,34000,0.023385193659338555
gaussian,matched,M2,Low entropy,0,AdaGrad,35000,0.02211980045622486
gaussian,matched,M2,Low entropy,0,AdaGrad,36000,0.021312478000679036
gaussian,matched,M2,Low entropy,0,AdaGrad,37000,0.0227756170752742
gaussian,matched,M2,Low entropy,0,AdaGrad,38000,0.02332062293674042
gaussian,matched,M2,Low entropy,0,AdaGrad,39000,0.023527462428026613
gaussian,matched,M2,Low entropy,0,AdaGrad,40000,0.0240950454438984
gaussian,matched,M2,Low entropy,0,AdaGrad,41000,0.023914634057526474
gaussian,matched,M2,Low entropy,0,AdaGrad,42000,0.022084496097329875
gaussian,matched,M2,Low entropy,0,AdaGrad,43000,0.02269913680825386
gaussian,matched,M2,Low entropy,0,AdaGrad,44000,0.021271541313994113
gaussian,matched,M2,Low entropy,0,AdaGrad,45000,0.0204496697715153
gaussian,matched,M2,Low entropy,0,AdaGrad,46000,0.020497531624983356
gaussian,matched,M2,Low entropy,0,AdaGrad,47000,0.020754723832393296
gaussian,matched,M2,Low entropy,0,AdaGrad,48000,0.0212390467669743
gaussian,matched,M2,Low entropy,0,AdaGrad,49000,0.019946261711950797
gaussian,matched,M2,Low entropy,0,AdaGrad,50000,0.019094827646850998
gaussian,matched,M2,Low entropy,0,AdaGrad,51000,0.018820216428811154
gaussian,matched,M2,Low entropy,0,AdaGrad,52000,0.018311718069025318
gaussian,matched,M2,Low entropy,0,AdaGrad,53000,0.018081569036040968
gaussian,matched,M2,Low entropy,0,AdaGrad,54000,0.017399543604625922
gaussian,matched,M2,Low entropy,0,AdaGrad,55000,0.017196567164400545
gaussian,matched,M2,Low entropy,0,AdaGrad,56000,0.018029715028926585
gaussian,matched,M2,Low entropy,0,AdaGrad,57000,0.019201656798663702
gaussian,matched,M2,Low entropy,0,AdaGrad,58000,0.018307473702174892
gaussian,matched,M2,Low entropy,0,AdaGrad,59000,0.01714850311195848
gaussian,matched,M2,Low entropy,0,AdaGrad,60000,0.017198284205429903
gaussian,matched,M2,Low entropy,0,AdaGrad,61000,0.01674543885540203
gaussian,matched,M2,Low entropy,0,AdaGrad,62000,0.01621604782648456
gaussian,matched,M2,Low entropy,0,AdaGrad,63000,0.016251504997994992
gaussian,matched,M2,Low entropy,0,AdaGrad,64000,0.015678915413040784
gaussian,matched,M2,Low entropy,0,AdaGrad,65000,0.015437876636726688
gaussian,matched,M2,Low entropy,0,AdaGrad,66000,0.015219274013722917
gaussian,matched,M2,Low entropy,0,AdaGrad,67000,0.015040684475629895
gaussian,matched,M2,Low entropy,0,AdaGrad,68000,0.015023362944963203
gaussian,matched,M2,Low entropy,0,AdaGrad,69000,0.014888369032259874
gaussian,matched,M2,Low entropy,0,AdaGrad,70000,0.015119583011926618
gaussian,matched,M2,Low entropy,0,AdaGrad,71000,0.014870533612060477
gaussian,matched,M2,Low entropy,0,AdaGrad,72000,0.014342152799175611
gaussian,matched,M2,Low entropy,0,AdaGrad,73000,0.01495571006672991
gaussian,matched,M2,Low entropy,0,AdaGrad,74000,0.014957738152389766
gaussian,matched,M2,Low entropy,0,AdaGrad,75000,0.014878842934504366
gaussian,matched,M2,Low entropy,0,AdaGrad,76000,0.015081414722867503
gaussian,matched,M2,Low entropy,0,AdaGrad,77000,0.015072768395682168
gaussian,matched,M2,Low entropy,0,AdaGrad,78000,0.014456909667594164
gaussian,matched,M2,Low entropy,0,AdaGrad,79000,0.01463274907371126
gaussian,matched,M2,Low entropy,0,AdaGrad,80000,0.013757226086153374
gaussian,matched,M2,Low entropy,0,AdaGrad,81000,0.012898140684773018
gaussian,matched,M2,Low entropy,0,AdaGrad,82000,0.01289023269924261
gaussian,matched,M2,Low entropy,0,AdaGrad,83000,0.013106140305398473
gaussian,matched,M2,Low entropy,0,AdaGrad,84000,0.012467473860576117
gaussian,matched,M2,Low entropy,0,AdaGrad,85000,0.012796014972591419
gaussian,matched,M2,Low entropy,0,AdaGrad,86000,0.01280027153705543
gaussian,matched,M2,Low entropy,0,AdaGrad,87000,0.01284705445376666
gaussian,matched,M2,Low entropy,0,AdaGrad,88000,0.012434734282972482
gaussian,matched,M2,Low entropy,0,AdaGrad,89000,0.01204596496712762
gaussian,matched,M2,Low entropy,0,AdaGrad,90000,0.012662447531105236
gaussian,matched,M2,Low entropy,0,AdaGrad,91000,0.012671926606497852
gaussian,matched,M2,Low entropy,0,AdaGrad,92000,0.013246755263199628
gaussian,matched,M2,Low entropy,0,AdaGrad,93000,0.012577460665752938
gaussian,matched,M2,Low entropy,0,AdaGrad,94000,0.012568046145021938
gaussian,matched,M2,Low entropy,0,AdaGrad,95000,0.012692191528925978
gaussian,matched,M2,Low entropy,0,AdaGrad,96000,0.012462508722610455
gaussian,matched,M2,Low entropy,0,AdaGrad,97000,0.01155538475286022
gaussian,matched,M2,Low entropy,0,AdaGrad,98000,0.011572245874509335
gaussian,matched,M2,Low entropy,0,AdaGrad,99000,0.01142389200526095
gaussian,matched,M2,Low entropy,0,AdaGrad,100000,0.011778066252148278
gaussian,matched,M2,Low entropy,0,DSNGD,0,0.6315038866593716
gaussian,matched,M2,Low entropy,0,DSNGD,1000,0.1662716333397558
gaussian,matched,M2,Low entropy,0,DSNGD,2000,0.11586302448387187
gaussian,matched,M2,Low entropy,0,DSNGD,3000,0.08406698915754651
gaussian,matched,M2,Low entropy,0,DSNGD,4000,0.061602371822429
gaussian,matched,M2,Low entropy,0,DSNGD,5000,0.05046562350959194
gaussian,matched,M2,Low entropy,0,DSNGD,6000,0.04261431735163068
gaussian,matched,M2,Low entropy,0,DSNGD,7000,0.04059163640604213
gaussian,matched,M2,Low entropy,0,DSNGD,8000,0.036836575237297
gaussian,matched,M2,Low entropy,0,DSNGD,9000,0.03395435000994862
gaussian,matched,M2,Low entropy,0,DSNGD,10000,0.02922576483689987
gaussian,matched,M2,Low entropy,0,DSNGD,11000,0.027856770432893363
gaussian,matched,M2,Low entropy,0,DSNGD,12000,0.026450801902123455
gaussian,matched,M2,Low entropy,0,DSNGD,13000,0.02132625580086467
gaussian,matched,M2,Low entropy,0,DSNGD,14000,0.02189839747808353
gaussian,matched,M2,Low entropy,0,DSNGD,15000,0.020580647751585968
gaussian,matched,M2,Low entropy,0,DSNGD,16000,0.02125164268768831
gaussian,matched,M2,Low entropy,0,DSNGD,17000,0.02059984649141766
gaussian,matched,M2,Low entropy,0,DSNGD,18000,0.019461900125449016
gaussian,matched,M2,Low entropy,0,DSNGD,19000,0.018684297011553053
gaussian,matched,M2,Low entropy,0,DSNGD,20000,0.01816828612462862
gaussian,matched,M2,Low entropy,0,DSNGD,21000,0.016691940542790107
gaussian,matched,M2,Low entropy,0,DSNGD,22000,0.015569663452269289
gaussian,matched,M2,Low entropy,0,DSNGD,23000,0.015439976548651035
gaussian,matched,M2,Low entropy,0,DSNGD,24000,0.01570156004690082
gaussian,matched,M2,Low entropy,0,DSNGD,25000,0.015615287233823771
gaussian,matched,M2,Low entropy,0,DSNGD,26000,0.015024023696805777
gaussian,matched,M2,Low entropy,0,DSNGD,27000,0.014957115328210424
gaussian,matched,M2,Low entropy,0,DSNGD,28000,0.014740789724422942
gaussian,matched,M2,Low entropy,0,DSNGD,29000,0.013873494807415732
gaussian,matched,M2,Low entropy,0,DSNGD,30000,0.01312313594922454
gaussian,matched,M2,Low entropy,0,DSNGD,31000,0.012419041581325452
gaussian,matched,M2,Low entropy,0,DSNGD,32000,0.011848923213665596
gaussian,matched,M2,Low entropy,0,DSNGD,33000,0.011758790226875426
gaussian,matched,M2,Low entropy,0,DSNGD,34000,0.01140234369326043
gaussian,matched,M2,Low entropy,0,DSNGD,35000,0.010689873405621775
gaussian,matched,M2,Low entropy,0,DSNGD,36000,0.010265166254258773
gaussian,matched,M2,Low entropy,0,DSNGD,37000,0.010733130980036698
gaussian,matched,M2,Low entropy,0,DSNGD,38000,0.010492267546746703
gaussian,matched,M2,Low entropy,0,DSNGD,39000,0.010553191323002142
gaussian,matched,M2,Low entropy,0,DSNGD,40000,0.01047372228475485
gaussian,matched,M2,Low entropy,0,DSNGD,41000,0.010521402968391325
gaussian,matched,M2,Low entropy,0,DSNGD,42000,0.010222024810037311
gaussian,matched,M2,Low entropy,0,DSNGD,43000,0.010244219916683672
gaussian,matched,M2,Low entropy,0,DSNGD,44000,0.009700831348459005
gaussian,matched,M2,Low entropy,0,DSNGD,45000,0.009312998604344092
gaussian,matched,M2,Low entropy,0,DSNGD,46000,0.009578135943958621
gaussian,matched,M2,Low entropy,0,DSNGD,47000,0.009498613572939796
gaussian,matched,M2,Low entropy,0,DSNGD,48000,0.009515477513071247
gaussian,matched,M2,Low entropy,0,DSNGD,49000,0.009027106449269073
gaussian,matched,M2,Low entropy,0,DSNGD,50000,0.008881734527750318
gaussian,matched,M2,Low entropy,0,DSNGD,51000,0.008882813361049902
gaussian,matched,M2,Low entropy,0,DSNGD,52000,0.008458796145141445
gaussian,matched,M2,Low entropy,0,DSNGD,53000,0.008468821797974257
gaussian,matched,M2,Low entropy,0,DSNGD,54000,0.008228946285108396
gaussian,matched,M2,Low entropy,0,DSNGD,55000,0.008184142184044507
gaussian,matched,M2,Low entropy,0,DSNGD,56000,0.008303468803408265
gaussian,matched,M2,Low entropy,0,DSNGD,57000,0.00841951436561894
gaussian,matched,M2,Low entropy,0,DSNGD,58000,0.008068368624206457
gaussian,matched,M2,Low entropy,0,DSNGD,59000,0.007757164491640545
gaussian,matched,M2,Low entropy,0,DSNGD,60000,0.007488176714402162
gaussian,matched,M2,Low entropy,0,DSNGD,61000,0.007299954830715993
gaussian,matched,M2,Low entropy,0,DSNGD,62000,0.007061531737809101
gaussian,matched,M2,Low entropy,0,DSNGD,63000,0.0069419668277883595
gaussian,matched,M2,Low entropy,0,DSNGD,64000,0.00682389366110181
gaussian,matched,M2,Low entropy,0,DSNGD,65000,0.00670325961397511
gaussian,matched,M2,Low entropy,0,DSNGD,66000,0.006490235652072407
gaussian,matched,M2,Low entropy,0,DSNGD,67000,0.006344380724379928
gaussian,matched,M2,Low entropy,0,DSNGD,68000,0.006235168192260332
gaussian,matched,M2,Low entropy,0,DSNGD,69000,0.006111346943975526
gaussian,matched,M2,Low entropy,0,DSNGD,70000,0.006077407133033397
gaussian,matched,M2,Low entropy,0,DSNGD,71000,0.006003861503185881
gaussian,matched,M2,Low entropy,0,DSNGD,72000,0.005961692807261443
gaussian,matched,M2,Low entropy,0,DSNGD,73000,0.0060930371723126875
gaussian,matched,M2,Low entropy,0,DSNGD,74000,0.006125541563379411
gaussian,matched,M2,Low entropy,0,DSNGD,75000,0.005959910075247876
gaussian,matched,M2,Low entropy,0,DSNGD,76000,0.005858021835408067
gaussian,matched,M2,Low entropy,0,DSNGD,77000,0.00581403086045329
gaussian,matched,M2,Low entropy,0,DSNGD,78000,0.005573939059950295
gaussian,matched,M2,Low entropy,0,DSNGD,79000,0.005475706147667125
gaussian,matched,M2,Low entropy,0,DSNGD,80000,0.0052862238952844365
gaussian,matched,M2,Low entropy,0,DSNGD,81000,0.0049869648931570865
gaussian,matched,M2,Low entropy,0,DSNGD,82000,0.004875870306022989
gaussian,matched,M2,Low entropy,0,DSNGD,83000,0.004776533423239915
gaussian,matched,M2,Low entropy,0,DSNGD,84000,0.004621234787817841
gaussian,matched,M2,Low entropy,0,DSNGD,85000,0.004676567999679637
gaussian,matched,M2,Low entropy,0,DSNGD,86000,0.004606249085819414
gaussian,matched,M2,Low entropy,0,DSNGD,87000,0.004622700024090154
gaussian,matched,M2,Low entropy,0,DSNGD,88000,0.004375522091375039
gaussian,matched,M2,Low entropy,0,DSNGD,89000,0.0042832393632408206
gaussian,matched,M2,Low entropy,0,DSNGD,90000,0.004262065784421232
gaussian,matched,M2,Low entropy,0,DSNGD,91000,0.004324189632326725
gaussian,matched,M2,Low entropy,0,DSNGD,92000,0.004461906485249578
gaussian,matched,M2,Low entropy,0,DSNGD,93000,0.004349719759529247
gaussian,matched,M2,Low entropy,0,DSNGD,94000,0.00416630481199487
gaussian,matched,M2,Low entropy,0,DSNGD,95000,0.00419341130346762
gaussian,matched,M2,Low entropy,0,DSNGD,96000,0.004078947992144144
gaussian,matched,M2,Low entropy,0,DSNGD,97000,0.004002502271382102
gaussian,matched,M2,Low entropy,0,DSNGD,98000,0.003945530280144105
gaussian,matched,M2,Low entropy,0,DSNGD,99000,0.0038525728701754858
gaussian,matched,M2,Low entropy,0,DSNGD,100000,0.0038826439169672433
gaussian,matched,M3,High entropy,0,SGD,0,0.010718522854507029
gaussian,matched,M3,High entropy,0,SGD,1000,0.010526069834904117
gaussian,matched,M3,High entropy,0,SGD,2000,0.010368507835702978
gaussian,matched,M3,High entropy,0,SGD,3000,0.010178931790331802
gaussian,matched,M3,High entropy,0,SGD,4000,0.010116877875136598
gaussian,matched,M3,High entropy,0,SGD,5000,0.010108826627083012
gaussian,matched,M3,High entropy,0,SGD,6000,0.009936566733969254
gaussian,matched,M3,High entropy,0,SGD,7000,0.009773965270738039
gaussian,matched,M3,High entropy,0,SGD,8000,0.00968396290838136
gaussian,matched,M3,High entropy,0,SGD,9000,0.009604076114590132
gaussian,matched,M3,High entropy,0,SGD,10000,0.009486135919175354
gaussian,matched,M3,High entropy,0,SGD,11000,0.009408301574539202
gaussian,matched,M3,High entropy,0,SGD,12000,0.009362841099931352
gaussian,matched,M3,High entropy,0,SGD,13000,0.009273037174621024
gaussian,matched,M3,High entropy,0,SGD,14000,0.009190610272274302
gaussian,matched,M3,High entropy,0,SGD,15000,0.009096320506766009
gaussian,matched,M3,High entropy,0,SGD,16000,0.009071154640946766
gaussian,matched,M3,High entropy,0,SGD,17000,0.009025565251069345
gaussian,matched,M3,High entropy,0,SGD,18000,0.008971551132644251
gaussian,matched,M3,High entropy,0,SGD,19000,0.008881610347703184
gaussian,matched,M3,High entropy,0,SGD,20000,0.008809704815884167
gaussian,matched,M3,High entropy,0,SGD,21000,0.008780809411649049
gaussian,matched,M3,High entropy,0,SGD,22000,0.008721797292464029
gaussian,matched,M3,High entropy,0,SGD,23000,0.008671734857924829
gaussian,matched,M3,High entropy,0,SGD,24000,0.008631632372726461
gaussian,matched,M3,High entropy,0,SGD,25000,0.008564817094561139
gaussian,matched,M3,High entropy,0,SGD,26000,0.00848819163649095
gaussian,matched,M3,High entropy,0,SGD,27000,0.00843485735102778
gaussian,matched,M3,High entropy,0,SGD,28000,0.008395281228442908
gaussian,matched,M3,High entropy,0,SGD,29000,0.00834837576548697
gaussian,matched,M3,High entropy,0,SGD,30000,0.00829555073589372
gaussian,matched,M3,High entropy,0,SGD,31000,0.008242305826044571
gaussian,matched,M3,High entropy,0,SGD,32000,0.008181338233310687
gaussian,matched,M3,High entropy,0,SGD,33000,0.00816689646338098
gaussian,matched,M3,High entropy,0,SGD,34000,0.008126991031518038
gaussian,matched,M3,High entropy,0,SGD,35000,0.008117450224775169
gaussian,matched,M3,High entropy,0,SGD,36000,0.008088393395337956
gaussian,matched,M3,High entropy,0,SGD,37000,0.00805373423534439
gaussian,matched,M3,High entropy,0,SGD,38000,0.008006985529893207
gaussian,matched,M3,High entropy,0,SGD,39000,0.007977899197153082
gaussian,matched,M3,High entropy,0,SGD,40000,0.00794208798839513
gaussian,matched,M3,High entropy,0,SGD,41000,0.007901231978186374
gaussian,matched,M3,High entropy,0,SGD,42000,0.007875510383017037
gaussian,matched,M3,High entropy,0,SGD,43000,0.007869318688873417
gaussian,matched,M3,High entropy,0,SGD,44000,0.007868620028093076
gaussian,matched,M3,High entropy,0,SGD,45000,0.007860340549277645
gaussian,matched,M3,High entropy,0,SGD,46000,0.007827998857730112
gaussian,matched,M3,High entropy,0,SGD,47000,0.0077844917150939885
gaussian,matched,M3,High entropy,0,SGD,48000,0.007762794989123467
gaussian,matched,M3,High entropy,0,SGD,49000,0.0077304048874404785
gaussian,matched,M3,High entropy,0,SGD,50000,0.007708642822813694
gaussian,matched,M3,High entropy,0,SGD,51000,0.007674789892018641
gaussian,matched,M3,High entropy,0,SGD,52000,0.007674370721852508
gaussian,matched,M3,High entropy,0,SGD,53000,0.007644394638739449
gaussian,matched,M3,High entropy,0,SGD,54000,0.007620561822582861
gaussian,matched,M3,High entropy,0,SGD,55000,0.007600937481537784
gaussian,matched,M3,High entropy,0,SGD,56000,0.0075872920039365965
gaussian,matched,M3,High entropy,0,SGD,57000,0.0075785228840334895
gaussian,matched,M3,High entropy,0,SGD,58000,0.007556061992587182
gaussian,matched,M3,High entropy,0,SGD,59000,0.00753733663220757
gaussian,matched,M3,High entropy,0,SGD,60000,0.007526259697570481
gaussian,matched,M3,High entropy,0,SGD,61000,0.007516171693617846
gaussian,matched,M3,High entropy,0,SGD,62000,0.0075003243246114515
gaussian,matched,M3,High entropy,0,SGD,63000,0.007476867788687169
gaussian,matched,M3,High entropy,0,SGD,64000,0.007457083694977662
gaussian,matched,M3,High entropy,0,SGD,65000,0.007436082590799753
gaussian,matched,M3,High entropy,0,SGD,66000,0.007428140562434571
gaussian,matched,M3,High entropy,0,SGD,67000,0.007407043495375465
gaussian,matched,M3,High entropy,0,SGD,68000,0.007392748240679925
gaussian,matched,M3,High entropy,0,SGD,69000,0.007388371165169438
gaussian,matched,M3,High entropy,0,SGD,70000,0.00737947855213994
gaussian,matched,M3,High entropy,0,SGD,71000,0.007361174282504379
gaussian,matched,M3,High entropy,0,SGD,72000,0.007352200309986401
gaussian,matched,M3,High entropy,0,SGD,73000,0.007352408435182589
gaussian,matched,M3,High entropy,0,SGD,74000,0.00734292640812928
gaussian,matched,M3,High entropy,0,SGD,75000,0.007326582098317935
gaussian,matched,M3,High entropy,0,SGD,76000,0.00732350171445173
gaussian,matched,M3,High entropy,0,SGD,77000,0.007304439304804067
gaussian,matched,M3,High entropy,0,SGD,78000,0.007281074931234421
gaussian,matched,M3,High entropy,0,SGD,79000,0.007265852687808216
gaussian,matched,M3,High entropy,0,SGD,80000,0.00727111754978349
gaussian,matched,M3,High entropy,0,SGD,81000,0.007248644692094075
gaussian,matched,M3,High entropy,0,SGD,82000,0.0072374625859694675
gaussian,matched,M3,High entropy,0,SGD,83000,0.00723290452915526
gaussian,matched,M3,High entropy,0,SGD,84000,0.007225514576683079
gaussian,matched,M3,High entropy,0,SGD,85000,0.007209510810251896
gaussian,matched,M3,High entropy,0,SGD,86000,0.007192843955524442
gaussian,matched,M3,High entropy,0,SGD,87000,0.0071804583777170805
gaussian,matched,M3,High entropy,0,SGD,88000,0.00716765612546677
gaussian,matched,M3,High entropy,0,SGD,89000,0.007154324293243697
gaussian,matched,M3,High entropy,0,SGD,90000,0.0071401672316744325
gaussian,matched,M3,High entropy,0,SGD,91000,0.007120297794457997
gaussian,matched,M3,High entropy,0,SGD,92000,0.0070959713053735385
gaussian,matched,M3,High entropy,0,SGD,93000,0.007080107268451652
gaussian,matched,M3,High entropy,0,SGD,94000,0.007071341012691246
gaussian,matched,M3,High entropy,0,SGD,95000,0.007061678377109359
gaussian,matched,M3,High entropy,0,SGD,96000,0.0070525067792512885
gaussian,matched,M3,High entropy,0,SGD,97000,0.00703740903927752
gaussian,matched,M3,High entropy,0,SGD,98000,0.007022594695161644
gaussian,matched,M3,High entropy,0,SGD,99000,0.007014161483458459
gaussian,matched,M3,High entropy,0,SGD,100000,0.007004359175319497
gaussian,matched,M3,High entropy,0,AdaGrad,0,0.010718522854507029
gaussian,matched,M3,High entropy,0,AdaGrad,1000,0.010601188515633186
gaussian,matched,M3,High entropy,0,AdaGrad,2000,0.010539346413524164
gaussian,matched,M3,High entropy,0,AdaGrad,3000,0.010470301538239024
gaussian,matched,M3,High entropy,0,AdaGrad,4000,0.01043563948864712
gaussian,matched,M3,High entropy,0,AdaGrad,5000,0.010419222906198122
gaussian,matched,M3,High entropy,0,AdaGrad,6000,0.010366687711031997
gaussian,matched,M3,High entropy,0,AdaGrad,7000,0.01031145854667015
gaussian,matched,M3,High entropy,0,AdaGrad,8000,0.010282449248474546
gaussian,matched,M3,High entropy,0,AdaGrad,9000,0.010258914234756666
gaussian,matched,M3,High entropy,0,AdaGrad,10000,0.010222231819552174
gaussian,matched,M3,High entropy,0,AdaGrad,11000,0.010196714998508494
gaussian,matched,M3,High entropy,0,AdaGrad,12000,0.010175128503525421
gaussian,matched,M3,High entropy,0,AdaGrad,13000,0.010142848278073213
gaussian,matched,M3,High entropy,0,AdaGrad,14000,0.010112352591191254
gaussian,matched,M3,High entropy,0,AdaGrad,15000,0.01008202195876784
gaussian,matched,M3,High entropy,0,AdaGrad,16000,0.010069829811401476
gaussian,matched,M3,High entropy,0,AdaGrad,17000,0.010049821093403466
gaussian,matched,M3,High entropy,0,AdaGrad,18000,0.010029765635242605
gaussian,matched,M3,High entropy,0,AdaGrad,19000,0.00999620007480262
gaussian,matched,M3,High entropy,0,AdaGrad,20000,0.009967166552007356
gaussian,matched,M3,High entropy,0,AdaGrad,21000,0.009955264189463353
gaussian,matched,M3,High entropy,0,AdaGrad,22000,0.009931935762929278
gaussian,matched,M3,High entropy,0,AdaGrad,23000,0.009908875746111434
gaussian,matched,M3,High entropy,0,AdaGrad,24000,0.009887775203210047
gaussian,matched,M3,High entropy,0,AdaGrad,25000,0.009860146129350156
gaussian,matched,M3,High entropy,0,AdaGrad,26000,0.009827813025346632
gaussian,matched,M3,High entropy,0,AdaGrad,27000,0.00980157653103264
gaussian,matched,M3,High entropy,0,AdaGrad,28000,0.009783552772728132
gaussian,matched,M3,High entropy,0,AdaGrad,29000,0.009761186901301677
gaussian,matched,M3,High entropy,0,AdaGrad,30000,0.00973603915211152
gaussian,matched,M3,High entropy,0,AdaGrad,31000,0.009713486657056958
gaussian,matched,M3,High entropy,0,AdaGrad,32000,0.009682969522246232
gaussian,matched,M3,High entropy,0,AdaGrad,33000,0.009673892318158295
gaussian,matched,M3,High entropy,0,AdaGrad,34000,0.00965297260938458
gaussian,matched,M3,High entropy,0,AdaGrad,35000,0.009644699574907545
gaussian,matched,M3,High entropy,0,AdaGrad,36000,0.009630016974210509
gaussian,matched,M3,High entropy,0,AdaGrad,37000,0.0096126618878829
gaussian,matched,M3,High entropy,0,AdaGrad,38000,0.009588235673597456
gaussian,matched,M3,High entropy,0,AdaGrad,39000,0.009572478899830372
gaussian,matched,M3,High entropy,0,AdaGrad,40000,0.00955315709191007
gaussian,matched,M3,High entropy,0,AdaGrad,41000,0.00953281454811794
gaussian,matched,M3,High entropy,0,AdaGrad,42000,0.009515558465826413
gaussian,matched,M3,High entropy,0,AdaGrad,43000,0.009511981817788229
gaussian,matched,M3,High entropy,0,AdaGrad,44000,0.009508690178969825
gaussian,matched,M3,High entropy,0,AdaGrad,45000,0.009502425096136857
gaussian,matched,M3,High entropy,0,AdaGrad,46000,0.00948264981080671
gaussian,matched,M3,High entropy,0,AdaGrad,47000,0.009458145589727796
gaussian,matched,M3,High entropy,0,AdaGrad,48000,0.00944467976247143
gaussian,matched,M3,High entropy,0,AdaGrad,49000,0.009425217027964283
gaussian,matched,M3,High entropy,0,AdaGrad,50000,0.009411054249818918
gaussian,matched,M3,High entropy,0,AdaGrad,51000,0.00939179162607795
gaussian,matched,M3,High entropy,0,AdaGrad,52000,0.009389851127799442
gaussian,matched,M3,High entropy,0,AdaGrad,53000,0.009370980394086903
gaussian,matched,M3,High entropy,0,AdaGrad,54000,0.009357290011826613
gaussian,matched,M3,High entropy,0,AdaGrad,55000,0.009344402212139613
gaussian,matched,M3,High entropy,0,AdaGrad,56000,0.009334670957621416
gaussian,matched,M3,High entropy,0,AdaGrad,57000,0.009327513284511646
gaussian,matched,M3,High entropy,0,AdaGrad,58000,0.009312153683032065
gaussian,matched,M3,High entropy,0,AdaGrad,59000,0.009299830835821421
gaussian,matched,M3,High entropy,0,AdaGrad,60000,0.009291300873565334
gaussian,matched,M3,High entropy,0,AdaGrad,61000,0.009284576011547419
gaussian,matched,M3,High entropy,0,AdaGrad,62000,0.009273272530762267
gaussian,matched,M3,High entropy,0,AdaGrad,63000,0.009258878398927362
gaussian,matched,M3,High entropy,0,AdaGrad,64000,0.00924522624712365
gaussian,matched,M3,High entropy,0,AdaGrad,65000,0.009232911022916124
gaussian,matched,M3,High entropy,0,AdaGrad,66000,0.00922582303729147
gaussian,matched,M3,High entropy,0,AdaGrad,67000,0.00921277483412597
gaussian,matched,M3,High entropy,0,AdaGrad,68000,0.009201863858006476
gaussian,matched,M3,High entropy,0,AdaGrad,69000,0.009198362235407043
gaussian,matched,M3,High entropy,0,AdaGrad,70000,0.009190379006094318
gaussian,matched,M3,High entropy,0,AdaGrad,71000,0.009176047911713336
gaussian,matched,M3,High entropy,0,AdaGrad,72000,0.009167813808059755
gaussian,matched,M3,High entropy,0,AdaGrad,73000,0.009166212743554336
gaussian,matched,M3,High entropy,0,AdaGrad,74000,0.009157937939227256
gaussian,matched,M3,High entropy,0,AdaGrad,75000,0.009146402186588798
gaussian,matched,M3,High entropy,0,AdaGrad,76000,0.009142870258363356
gaussian,matched,M3,High entropy,0,AdaGrad,77000,0.009129755184041688
gaussian,matched,M3,High entropy,0,AdaGrad,78000,0.009112658876523572
gaussian,matched,M3,High entropy,0,AdaGrad,79000,0.009100396086712426
gaussian,matched,M3,High entropy,0,AdaGrad,80000,0.009101478263088492
gaussian,matched,M3,High entropy,0,AdaGrad,81000,0.009086098659093711
gaussian,matched,M3,High entropy,0,AdaGrad,82000,0.009077754191647802
gaussian,matched,M3,High entropy,0,AdaGrad,83000,0.009073762641528482
gaussian,matched,M3,High entropy,0,AdaGrad,84000,0.009065770305375143
gaussian,matched,M3,High entropy,0,AdaGrad,85000,0.009053242043706167
gaussian,matched,M3,High entropy,0,AdaGrad,86000,0.009041335868734013
gaussian,matched,M3,High entropy,0,AdaGrad,87000,0.009032813819052521
gaussian,matched,M3,High entropy,0,AdaGrad,88000,0.009022785588884474
gaussian,matched,M3,High entropy,0,AdaGrad,89000,0.009011334308773211
gaussian,matched,M3,High entropy,0,AdaGrad,90000,0.008999830205124404
gaussian,matched,M3,High entropy,0,AdaGrad,91000,0.008983362206866463
gaussian,matched,M3,High entropy,0,AdaGrad,92000,0.008964599106672022
gaussian,matched,M3,High entropy,0,AdaGrad,93000,0.008952768551113266
gaussian,matched,M3,High entropy,0,AdaGrad,94000,0.008944641893210203
gaussian,matched,M3,High entropy,0,AdaGrad,95000,0.008937240279206282
gaussian,matched,M3,High entropy,0,AdaGrad,96000,0.008929338131689057
gaussian,matched,M3,High entropy,0,AdaGrad,97000,0.008916710750364931
gaussian,matched,M3,High entropy,0,AdaGrad,98000,0.008904635602799083
gaussian,matched,M3,High entropy,0,AdaGrad,99000,0.008897093556757163
gaussian,matched,M3,High entropy,0,AdaGrad,100000,0.008889053725259721
gaussian,matched,M3,High entropy,0,DSNGD,0,0.010718522854507029
gaussian,matched,M3,High entropy,0,DSNGD,1000,0.011451773553305511
gaussian,matched,M3,High entropy,0,DSNGD,2000,0.011197206629941281
gaussian,matched,M3,High entropy,0,DSNGD,3000,0.011026342119473842
gaussian,matched,M3,High entropy,0,DSNGD,4000,0.010954896375223733
gaussian,matched,M3,High entropy,0,DSNGD,5000,0.01090986587140419
gaussian,matched,M3,High entropy,0,DSNGD,6000,0.010803463921255752
gaussian,matched,M3,High entropy,0,DSNGD,7000,0.010724945372651451
gaussian,matched,M3,High entropy,0,DSNGD,8000,0.010667848586375595
gaussian,matched,M3,High entropy,0,DSNGD,9000,0.01062158627999299
gaussian,matched,M3,High entropy,0,DSNGD,10000,0.010558416225960876
gaussian,matched,M3,High entropy,0,DSNGD,11000,0.010513989841908433
gaussian,matched,M3,High entropy,0,DSNGD,12000,0.010481919101382964
gaussian,matched,M3,High entropy,0,DSNGD,13000,0.010438369972547434
gaussian,matched,M3,High entropy,0,DSNGD,14000,0.010401511893469717
gaussian,matched,M3,High entropy,0,DSNGD,15000,0.010360187986721225
gaussian,matched,M3,High entropy,0,DSNGD,16000,0.010342618224985056
gaussian,matched,M3,High entropy,0,DSNGD,17000,0.010321979783335156
gaussian,matched,M3,High entropy,0,DSNGD,18000,0.010298703284101762
gaussian,matched,M3,High entropy,0,DSNGD,19000,0.010265584133930972
gaussian,matched,M3,High entropy,0,DSNGD,20000,0.010233509994003409
gaussian,matched,M3,High entropy,0,DSNGD,21000,0.010215971895060516
gaussian,matched,M3,High entropy,0,DSNGD,22000,0.010189878942743924
gaussian,matched,M3,High entropy,0,DSNGD,23000,0.010167913310495713
gaussian,matched,M3,High entropy,0,DSNGD,24000,0.010149475971326982
gaussian,matched,M3,High entropy,0,DSNGD,25000,0.010124335999996514
gaussian,matched,M3,High entropy,0,DSNGD,26000,0.010093461260070935
gaussian,matched,M3,High entropy,0,DSNGD,27000,0.010071165111449787
gaussian,matched,M3,High entropy,0,DSNGD,28000,0.010050045435842314
gaussian,matched,M3,High entropy,0,DSNGD,29000,0.010031861066889913
gaussian,matched,M3,High entropy,0,DSNGD,30000,0.010010874094095179
gaussian,matched,M3,High entropy,0,DSNGD,31000,0.009990213938610992
gaussian,matched,M3,High entropy,0,DSNGD,32000,0.009965547665998553
gaussian,matched,M3,High entropy,0,DSNGD,33000,0.009956539509032858
gaussian,matched,M3,High entropy,0,DSNGD,34000,0.00993875033816538
gaussian,matched,M3,High entropy,0,DSNGD,35000,0.00993141664620767
gaussian,matched,M3,High entropy,0,DSNGD,36000,0.00992085594678338
gaussian,matched,M3,High entropy,0,DSNGD,37000,0.009907522707913952
gaussian,matched,M3,High entropy,0,DSNGD,38000,0.009887402717513094
gaussian,matched,M3,High entropy,0,DSNGD,39000,0.009876044904054027
gaussian,matched,M3,High entropy,0,DSNGD,40000,0.009861072131465143
gaussian,matched,M3,High entropy,0,DSNGD,41000,0.00984572110860027
gaussian,matched,M3,High entropy,0,DSNGD,42000,0.009834663447030323
gaussian,matched,M3,High entropy,0,DSNGD,43000,0.009829936241607662
gaussian,matched,M3,High entropy,0,DSNGD,44000,0.009827766480433375
gaussian,matched,M3,High entropy,0,DSNGD,45000,0.009822316086733007
gaussian,matched,M3,High entropy,0,DSNGD,46000,0.00981047883404118
gaussian,matched,M3,High entropy,0,DSNGD,47000,0.009793035392263949
gaussian,matched,M3,High entropy,0,DSNGD,48000,0.0097838055200401
gaussian,matched,M3,High entropy,0,DSNGD,49000,0.009770338617904883
gaussian,matched,M3,High entropy,0,DSNGD,50000,0.009761441761465761
gaussian,matched,M3,High entropy,0,DSNGD,51000,0.009748975399095805
gaussian,matched,M3,High entropy,0,DSNGD,52000,0.00974725205126692
gaussian,matched,M3,High entropy,0,DSNGD,53000,0.009735517265323512
gaussian,matched,M3,High entropy,0,DSNGD,54000,0.009726262015573361
gaussian,matched,M3,High entropy,0,DSNGD,55000,0.00971707205425476
gaussian,matched,M3,High entropy,0,DSNGD,56000,0.009710488106863036
gaussian,matched,M3,High entropy,0,DSNGD,57000,0.009705561934130191
gaussian,matched,M3,High entropy,0,DSNGD,58000,0.009696016513202732
gaussian,matched,M3,High entropy,0,DSNGD,59000,0.009688490913455361
gaussian,matched,M3,High entropy,0,DSNGD,60000,0.009682501516271813
gaussian,matched,M3,High entropy,0,DSNGD,61000,0.009678563430215448
gaussian,matched,M3,High entropy,0,DSNGD,62000,0.009671830597129727
gaussian,matched,M3,High entropy,0,DSNGD,63000,0.009662801514820352
gaussian,matched,M3,High entropy,0,DSNGD,64000,0.00965513377681404
gaussian,matched,M3,High entropy,0,DSNGD,65000,0.009647347679748286
gaussian,matched,M3,High entropy,0,DSNGD,66000,0.009643361878586276
gaussian,matched,M3,High entropy,0,DSNGD,67000,0.009634721415367142
gaussian,matched,M3,High entropy,0,DSNGD,68000,0.009627270343622651
gaussian,matched,M3,High entropy,0,DSNGD,69000,0.009624182423258798
gaussian,matched,M3,High entropy,0,DSNGD,70000,0.009619894885052993
gaussian,matched,M3,High entropy,0,DSNGD,71000,0.009612007516527132
gaussian,matched,M3,High entropy,0,DSNGD,72000,0.009606799528246057
gaussian,matched,M3,High entropy,0,DSNGD,73000,0.009605568418474597
gaussian,matched,M3,High entropy,0,DSNGD,74000,0.009601199722075737
gaussian,matched,M3,High entropy,0,DSNGD,75000,0.009594490169191783
gaussian,matched,M3,High entropy,0,DSNGD,76000,0.009592201141778833
gaussian,matched,M3,High entropy,0,DSNGD,77000,0.009584887934121156
gaussian,matched,M3,High entropy,0,DSNGD,78000,0.00957625038193921
gaussian,matched,M3,High entropy,0,DSNGD,79000,0.009569389373341064
gaussian,matched,M3,High entropy,0,DSNGD,80000,0.009569040757547498
gaussian,matched,M3,High entropy,0,DSNGD,81000,0.009560838468347654
gaussian,matched,M3,High entropy,0,DSNGD,82000,0.009555587647843922
gaussian,matched,M3,High entropy,0,DSNGD,83000,0.009552472305940363
gaussian,matched,M3,High entropy,0,DSNGD,84000,0.009548581164682712
gaussian,matched,M3,High entropy,0,DSNGD,85000,0.009541352322045782
gaussian,matched,M3,High entropy,0,DSNGD,86000,0.00953445005770348
gaussian,matched,M3,High entropy,0,DSNGD,87000,0.009528871597152211
gaussian,matched,M3,High entropy,0,DSNGD,88000,0.009524253266373961
gaussian,matched,M3,High entropy,0,DSNGD,89000,0.009518286789109709
gaussian,matched,M3,High entropy,0,DSNGD,90000,0.009511966030842256
gaussian,matched,M3,High entropy,0,DSNGD,91000,0.00950380570868914
gaussian,matched,M3,High entropy,0,DSNGD,92000,0.009494879113558063
gaussian,matched,M3,High entropy,0,DSNGD,93000,0.009488671608470334
gaussian,matched,M3,High entropy,0,DSNGD,94000,0.009483846830340426
gaussian,matched,M3,High entropy,0,DSNGD,95000,0.009480041349053447
gaussian,matched,M3,High entropy,0,DSNGD,96000,0.009475566338844388
gaussian,matched,M3,High entropy,0,DSNGD,97000,0.009469190502575664
gaussian,matched,M3,High entropy,0,DSNGD,98000,0.009463338948876299
gaussian,matched,M3,High entropy,0,DSNGD,99000,0.009459345872568026
gaussian,matched,M3,High entropy,0,DSNGD,100000,0.009455309969327086
gaussian,matched,M3,Medium entropy,0,SGD,0,0.38089036714364743
gaussian,matched,M3,Medium entropy,0,SGD,1000,0.2122843039208342
gaussian,matched,M3,Medium entropy,0,SGD,2000,0.16148360306206477
gaussian,matched,M3,Medium entropy,0,SGD,3000,0.1235381316449149
gaussian,matched,M3,Medium entropy,0,SGD,4000,0.09987043919106231
gaussian,matched,M3,Medium entropy,0,SGD,5000,0.08734652769993012
gaussian,matched,M3,Medium entropy,0,SGD,6000,0.0802295135145803
gaussian,matched,M3,Medium entropy,0,SGD,7000,0.07364874969814883
gaussian,matched,M3,Medium entropy,0,SGD,8000,0.06934720902036329
gaussian,matched,M3,Medium entropy,0,SGD,9000,0.06324444972468468
gaussian,matched,M3,Medium entropy,0,SGD,10000,0.0601452012728938
gaussian,matched,M3,Medium entropy,0,SGD,11000,0.055592493737879334
gaussian,matched,M3,Medium entropy,0,SGD,12000,0.0520966713674631
gaussian,matched,M3,Medium entropy,0,SGD,13000,0.049522412163875096
gaussian,matched,M3,Medium entropy,0,SGD,14000,0.04699997368606912
gaussian,matched,M3,Medium entropy,0,SGD,15000,0.04491525337628843
gaussian,matched,M3,Medium entropy,0,SGD,16000,0.04364952599690852
gaussian,matched,M3,Medium entropy,0,SGD,17000,0.04182175263353427
gaussian,matched,M3,Medium entropy,0,SGD,18000,0.03995717411466204
gaussian,matched,M3,Medium entropy,0,SGD,19000,0.03896628592843454
gaussian,matched,M3,Medium entropy,0,SGD,20000,0.03792417540035853
gaussian,matched,M3,Medium entropy,0,SGD,21000,0.037156207513579176
gaussian,matched,M3,Medium entropy,0,SGD,22000,0.035522752926072876
gaussian,matched,M3,Medium entropy,0,SGD,23000,0.034195069874884076
gaussian,matched,M3,Medium entropy,0,SGD,24000,0.03298942246272052
gaussian,matched,M3,Medium entropy,0,SGD,25000,0.03264300230748285
gaussian,matched,M3,Medium entropy,0,SGD,26000,0.031764412835595834
gaussian,matched,M3,Medium entropy,0,SGD,27000,0.03127716079606735
gaussian,matched,M3,Medium entropy,0,SGD,28000,0.03030080832951354
gaussian,matched,M3,Medium entropy,0,SGD,29000,0.029560423188522034
gaussian,matched,M3,Medium entropy,0,SGD,30000,0.0287629788080066
gaussian,matched,M3,Medium entropy,0,SGD,31000,0.028014611285794633
gaussian,matched,M3,Medium entropy,0,SGD,32000,0.027671816250044223
gaussian,matched,M3,Medium entropy,0,SGD,33000,0.027022778559046667
gaussian,matched,M3,Medium entropy,0,SGD,34000,0.02633860814784983
gaussian,matched,M3,Medium entropy,0,SGD,35000,0.026007010048058277
gaussian,matched,M3,Medium entropy,0,SGD,36000,0.0253485041648962
gaussian,matched,M3,Medium entropy,0,SGD,37000,0.02489765430758295
gaussian,matched,M3,Medium entropy,0,SGD,38000,0.02443964223481343
gaussian,matched,M3,Medium entropy,0,SGD,39000,0.02407988621788615
gaussian,matched,M3,Medium entropy,0,SGD,40000,0.02383719164369502
gaussian,matched,M3,Medium entropy,0,SGD,41000,0.023417643432171786
gaussian,matched,M3,Medium entropy,0,SGD,42000,0.023429556117380734
gaussian,matched,M3,Medium entropy,0,SGD,43000,0.02319253330530424
gaussian,matched,M3,Medium entropy,0,SGD,44000,0.022938896526166097
gaussian,matched,M3,Medium entropy,0,SGD,45000,0.022484058233274595
gaussian,matched,M3,Medium entropy,0,SGD,46000,0.022453040935320967
gaussian,matched,M3,Medium entropy,0,SGD,47000,0.022246640931482986
gaussian,matched,M3,Medium entropy,0,SGD,48000,0.02194628672606358
gaussian,matched,M3,Medium entropy,0,SGD,49000,0.02169039206957324
gaussian,matched,M3,Medium entropy,0,SGD,50000,0.02136689200781383
gaussian,matched,M3,Medium entropy,0,SGD,51000,0.02101650262253818
gaussian,matched,M3,Medium entropy,0,SGD,52000,0.020951299372928833
gaussian,matched,M3,Medium entropy,0,SGD,53000,0.02071743168489837
gaussian,matched,M3,Medium entropy,0,SGD,54000,0.020661542965927815
gaussian,matched,M3,Medium entropy,0,SGD,55000,0.020203528378785585
gaussian,matched,M3,Medium entropy,0,SGD,56000,0.0199481688226002
gaussian,matched,M3,Medium entropy,0,SGD,57000,0.0199390063720446
gaussian,matched,M3,Medium entropy,0,SGD,58000,0.01977326887522235
gaussian,matched,M3,Medium entropy,0,SGD,59000,0.019542073127825077
gaussian,matched,M3,Medium entropy,0,SGD,60000,0.019257101031638246
gaussian,matched,M3,Medium entropy,0,SGD,61000,0.019159455493396926
gaussian,matched,M3,Medium entropy,0,SGD,62000,0.0190201740663416
gaussian,matched,M3,Medium entropy,0,SGD,63000,0.018752203142024637
gaussian,matched,M3,Medium entropy,0,SGD,64000,0.018797960767757083
gaussian,matched,M3,Medium entropy,0,SGD,65000,0.018602175018101796
gaussian,matched,M3,Medium entropy,0,SGD,66000,0.01849127972285647
gaussian,matched,M3,Medium entropy,0,SGD,67000,0.018342319694787168
gaussian,matched,M3,Medium entropy,0,SGD,68000,0.01816474247218558
gaussian,matched,M3,Medium entropy,0,SGD,69000,0.018048203181761036
gaussian,matched,M3,Medium entropy,0,SGD,70000,0.01793600818550045
gaussian,matched,M3,Medium entropy,0,SGD,71000,0.017813999181929496
gaussian,matched,M3,Medium entropy,0,SGD,72000,0.017630409773467637
gaussian,matched,M3,Medium entropy,0,SGD,73000,0.017379280279457454
gaussian,matched,M3,Medium entropy,0,SGD,74000,0.017221310551128965
gaussian,matched,M3,Medium entropy,0,SGD,75000,0.01711687460918565
gaussian,matched,M3,Medium entropy,0,SGD,76000,0.017248655121748335
gaussian,matched,M3,Medium entropy,0,SGD,77000,0.017035731139189547
gaussian,matched,M3,Medium entropy,0,SGD,78000,0.01689678484083723
gaussian,matched,M3,Medium entropy,0,SGD,79000,0.016785324909217803
gaussian,matched,M3,Medium entropy,0,SGD,80000,0.01671302624224902
gaussian,matched,M3,Medium entropy,0,SGD,81000,0.01656252978515349
gaussian,matched,M3,Medium entropy,0,SGD,82000,0.016399307440643884
gaussian,matched,M3,Medium entropy,0,SGD,83000,0.016251277550248577
gaussian,matched,M3,Medium entropy,0,SGD,84000,0.016125648422325334
gaussian,matched,M3,Medium entropy,0,SGD,85000,0.01601199681787646
gaussian,matched,M3,Medium entropy,0,SGD,86000,0.015980329428557205
gaussian,matched,M3,Medium entropy,0,SGD,87000,0.01588307334889416
gaussian,matched,M3,Medium entropy,0,SGD,88000,0.015783582194594192
gaussian,matched,M3,Medium entropy,0,SGD,89000,0.01569122274018575
gaussian,matched,M3,Medium entropy,0,SGD,90000,0.01548960230978702
gaussian,matched,M3,Medium entropy,0,SGD,91000,0.015275830458917117
gaussian,matched,M3,Medium entropy,0,SGD,92000,0.015086960452464382
gaussian,matched,M3,Medium entropy,0,SGD,93000,0.015017521485072738
gaussian,matched,M3,Medium entropy,0,SGD,94000,0.01484551628639208
gaussian,matched,M3,Medium entropy,0,SGD,95000,0.014793541360841989
gaussian,matched,M3,Medium entropy,0,SGD,96000,0.0147988017537104
gaussian,matched,M3,Medium entropy,0,SGD,97000,0.014729354978586517
gaussian,matched,M3,Medium entropy,0,SGD,98000,0.01467692514512775
gaussian,matched,M3,Medium entropy,0,SGD,99000,0.014674222668333403
gaussian,matched,M3,Medium entropy,0,SGD,100000,0.014618459141133133
gaussian,matched,M3,Medium entropy,0,AdaGrad,0,0.38089036714364743
gaussian,matched,M3,Medium entropy,0,AdaGrad,1000,0.2735433831479046
gaussian,matched,M3,Medium entropy,0,AdaGrad,2000,0.20372281430883854
gaussian,matched,M3,Medium entropy,0,AdaGrad,3000,0.14508366192143063
gaussian,matched,M3,Medium entropy,0,AdaGrad,4000,0.11572635196657277
gaussian,matched,M3,Medium entropy,0,AdaGrad,5000,0.1002499135934305
gaussian,matched,M3,Medium entropy,0,AdaGrad,6000,0.09684793226597233
gaussian,matched,M3,Medium entropy,0,AdaGrad,7000,0.08979440024020846
gaussian,matched,M3,Medium entropy,0,AdaGrad,8000,0.08476885637737386
gaussian,matched,M3,Medium entropy,0,AdaGrad,9000,0.07614293484058088
gaussian,matched,M3,Medium entropy,0,AdaGrad,10000,0.07366854448108962
gaussian,matched,M3,Medium entropy,0,AdaGrad,11000,0.067615272515126
gaussian,matched,M3,Medium entropy,0,AdaGrad,12000,0.06301983994333593
gaussian,matched,M3,Medium entropy,0,AdaGrad,13000,0.061162938095804975
gaussian,matched,M3,Medium entropy,0,AdaGrad,14000,0.06008104437142814
gaussian,matched,M3,Medium entropy,0,AdaGrad,15000,0.05839529120283116
gaussian,matched,M3,Medium entropy,0,AdaGrad,16000,0.05815417249559429
gaussian,matched,M3,Medium entropy,0,AdaGrad,17000,0.054169636787787745
gaussian,matched,M3,Medium entropy,0,AdaGrad,18000,0.05140756850317496
gaussian,matched,M3,Medium entropy,0,AdaGrad,19000,0.05017609485037733
gaussian,matched,M3,Medium entropy,0,AdaGrad,20000,0.049767807913559725
gaussian,matched,M3,Medium entropy,0,AdaGrad,21000,0.051545685460606894
gaussian,matched,M3,Medium entropy,0,AdaGrad,22000,0.048451699192253894
gaussian,matched,M3,Medium entropy,0,AdaGrad,23000,0.04653581031076959
gaussian,matched,M3,Medium entropy,0,AdaGrad,24000,0.04492246959310586
gaussian,matched,M3,Medium entropy,0,AdaGrad,25000,0.045774096723487645
gaussian,matched,M3,Medium entropy,0,AdaGrad,26000,0.043553052143982196
gaussian,matched,M3,Medium entropy,0,AdaGrad,27000,0.04317922648639172
gaussian,matched,M3,Medium entropy,0,AdaGrad,28000,0.04152917248525201
gaussian,matched,M3,Medium entropy,0,AdaGrad,29000,0.039449667905773644
gaussian,matched,M3,Medium entropy,0,AdaGrad,30000,0.03827106408233805
gaussian,matched,M3,Medium entropy,0,AdaGrad,31000,0.037979416107174924
gaussian,matched,M3,Medium entropy,0,AdaGrad,32000,0.03854570865800033
gaussian,matched,M3,Medium entropy,0,AdaGrad,33000,0.037298193383211053
gaussian,matched,M3,Medium entropy,0,AdaGrad,34000,0.03565131598346394
gaussian,matched,M3,Medium entropy,0,AdaGrad,35000,0.035800034949428294
gaussian,matched,M3,Medium entropy,0,AdaGrad,36000,0.035483962755728626
gaussian,matched,M3,Medium entropy,0,AdaGrad,37000,0.03541940208174088
gaussian,matched,M3,Medium entropy,0,AdaGrad,38000,0.03524006782342415
gaussian,matched,M3,Medium entropy,0,AdaGrad,39000,0.035690183875954684
gaussian,matched,M3,Medium entropy,0,AdaGrad,40000,0.036037187743639176
gaussian,matched,M3,Medium entropy,0,AdaGrad,41000,0.03417009067392485
gaussian,matched,M3,Medium entropy,0,AdaGrad,42000,0.03522764234697773
gaussian,matched,M3,Medium entropy,0,AdaGrad,43000,0.03421892763134071
gaussian,matched,M3,Medium entropy,0,AdaGrad,44000,0.033385036272159496
gaussian,matched,M3,Medium entropy,0,AdaGrad,45000,0.032516823541455686
gaussian,matched,M3,Medium entropy,0,AdaGrad,46000,0.033435014321880896
gaussian,matched,M3,Medium entropy,0,AdaGrad,47000,0.03288589816001508
gaussian,matched,M3,Medium entropy,0,AdaGrad,48000,0.031927676642669045
gaussian,matched,M3,Medium entropy,0,AdaGrad,49000,0.0318362055109227
gaussian,matched,M3,Medium entropy,0,AdaGrad,50000,0.031134428540631198
gaussian,matched,M3,Medium entropy,0,AdaGrad,51000,0.02984573521185352
gaussian,matched,M3,Medium entropy,0,AdaGrad,52000,0.030886096908794514
gaussian,matched,M3,Medium entropy,0,AdaGrad,53000,0.030369395426325774
gaussian,matched,M3,Medium entropy,0,AdaGrad,54000,0.030485199844991318
gaussian,matched,M3,Medium entropy,0,AdaGrad,55000,0.028621429729070336
gaussian,matched,M3,Medium entropy,0,AdaGrad,56000,0.028733864037903345
gaussian,matched,M3,Medium entropy,0,AdaGrad,57000,0.02991516984623832
gaussian,matched,M3,Medium entropy,0,AdaGrad,58000,0.030001830806048346
gaussian,matched,M3,Medium entropy,0,AdaGrad,59000,0.02932081963344313
gaussian,matched,M3,Medium entropy,0,AdaGrad,60000,0.028539712005669404
gaussian,matched,M3,Medium entropy,0,AdaGrad,61000,0.028571498212706548
gaussian,matched,M3,Medium entropy,0,AdaGrad,62000,0.027899121106948588
gaussian,matched,M3,Medium entropy,0,AdaGrad,63000,0.026651671557635925
gaussian,matched,M3,Medium entropy,0,AdaGrad,64000,0.027665934703360318
gaussian,matched,M3,Medium entropy,0,AdaGrad,65000,0.027034560559751508
gaussian,matched,M3,Medium entropy,0,AdaGrad,66000,0.02732685552204872
gaussian,matched,M3,Medium entropy,0,AdaGrad,67000,0.027010898527967342
gaussian,matched,M3,Medium entropy,0,AdaGrad,68000,0.026876319387048042
gaussian,matched,M3,Medium entropy,0,AdaGrad,69000,0.0270525977408842
gaussian,matched,M3,Medium entropy,0,AdaGrad,70000,0.027021559517450555
gaussian,matched,M3,Medium entropy,0,AdaGrad,71000,0.026786616829477694
gaussian,matched,M3,Medium entropy,0,AdaGrad,72000,0.02635822245121755
gaussian,matched,M3,Medium entropy,0,AdaGrad,73000,0.02544596708959146
gaussian,matched,M3,Medium entropy,0,AdaGrad,74000,0.024746625215984253
gaussian,matched,M3,Medium entropy,0,AdaGrad,75000,0.02481733191408031
gaussian,matched,M3,Medium entropy,0,AdaGrad,76000,0.0263219947413309
gaussian,matched,M3,Medium entropy,0,AdaGrad,77000,0.025304057940663593
gaussian,matched,M3,Medium entropy,0,AdaGrad,78000,0.02473729959420279
gaussian,matched,M3,Medium entropy,0,AdaGrad,79000,0.024939011373086295
gaussian,matched,M3,Medium entropy,0,AdaGrad,80000,0.02459302691272436
gaussian,matched,M3,Medium entropy,0,AdaGrad,81000,0.023622629280267926
gaussian,matched,M3,Medium entropy,0,AdaGrad,82000,0.02289189382311374
gaussian,matched,M3,Medium entropy,0,AdaGrad,83000,0.02296538324995545
gaussian,matched,M3,Medium entropy,0,AdaGrad,84000,0.02325521143761522
gaussian,matched,M3,Medium entropy,0,AdaGrad,85000,0.023564028292831996
gaussian,matched,M3,Medium entropy,0,AdaGrad,86000,0.023739719525391223
gaussian,matched,M3,Medium entropy,0,AdaGrad,87000,0.02379900801507384
gaussian,matched,M3,Medium entropy,0,AdaGrad,88000,0.023693341645854016
gaussian,matched,M3,Medium entropy,0,AdaGrad,89000,0.024200626852000084
gaussian,matched,M3,Medium entropy,0,AdaGrad,90000,0.023245494672344158
gaussian,matched,M3,Medium entropy,0,AdaGrad,91000,0.02206967835571394
gaussian,matched,M3,Medium entropy,0,AdaGrad,92000,0.02197891796015794
gaussian,matched,M3,Medium entropy,0,AdaGrad,93000,0.022002019091130975
gaussian,matched,M3,Medium entropy,0,AdaGrad,94000,0.020747320878278686
gaussian,matched,M3,Medium entropy,0,AdaGrad,95000,0.020991985083425035
gaussian,matched,M3,Medium entropy,0,AdaGrad,96000,0.021794861860001458
gaussian,matched,M3,Medium entropy,0,AdaGrad,97000,0.02216189710165839
gaussian,matched,M3,Medium entropy,0,AdaGrad,98000,0.022756072181997933
gaussian,matched,M3,Medium entropy,0,AdaGrad,99000,0.023602456465582122
gaussian,matched,M3,Medium entropy,0,AdaGrad,100000,0.023958787825769434
gaussian,matched,M3,Medium entropy,0,DSNGD,0,0.38089036714364743
gaussian,matched,M3,Medium entropy,0,DSNGD,1000,0.24156495509584408
gaussian,matched,M3,Medium entropy,0,DSNGD,2000,0.20393990810541363
gaussian,matched,M3,Medium entropy,0,DSNGD,3000,0.1506882466367787
gaussian,matched,M3,Medium entropy,0,DSNGD,4000,0.125557859281614
gaussian,matched,M3,Medium entropy,0,DSNGD,5000,0.10751477840589452
gaussian,matched,M3,Medium entropy,0,DSNGD,6000,0.1074649868512747
gaussian,matched,M3,Medium entropy,0,DSNGD,7000,0.09975366780563588
gaussian,matched,M3,Medium entropy,0,DSNGD,8000,0.09103836131170029
gaussian,matched,M3,Medium entropy,0,DSNGD,9000,0.0798983548014558
gaussian,matched,M3,Medium entropy,0,DSNGD,10000,0.07475782993558511
gaussian,matched,M3,Medium entropy,0,DSNGD,11000,0.06796776861143794
gaussian,matched,M3,Medium entropy,0,DSNGD,12000,0.06254513805712492
gaussian,matched,M3,Medium entropy,0,DSNGD,13000,0.05977465547740346
gaussian,matched,M3,Medium entropy,0,DSNGD,14000,0.057963282819671225
gaussian,matched,M3,Medium entropy,0,DSNGD,15000,0.05519289797540816
gaussian,matched,M3,Medium entropy,0,DSNGD,16000,0.053174570191880655
gaussian,matched,M3,Medium entropy,0,DSNGD,17000,0.04996177103727062
gaussian,matched,M3,Medium entropy,0,DSNGD,18000,0.04641878177371117
gaussian,matched,M3,Medium entropy,0,DSNGD,19000,0.044376286014254696
gaussian,matched,M3,Medium entropy,0,DSNGD,20000,0.043611657233801004
gaussian,matched,M3,Medium entropy,0,DSNGD,21000,0.04355625266396146
gaussian,matched,M3,Medium entropy,0,DSNGD,22000,0.04113569433894115
gaussian,matched,M3,Medium entropy,0,DSNGD,23000,0.038727660967173616
gaussian,matched,M3,Medium entropy,0,DSNGD,24000,0.03663106330727972
gaussian,matched,M3,Medium entropy,0,DSNGD,25000,0.036329486323954274
gaussian,matched,M3,Medium entropy,0,DSNGD,26000,0.034098856665896626
gaussian,matched,M3,Medium entropy,0,DSNGD,27000,0.03320039115214879
gaussian,matched,M3,Medium entropy,0,DSNGD,28000,0.0316622070338588
gaussian,matched,M3,Medium entropy,0,DSNGD,29000,0.029866067065288604
gaussian,matched,M3,Medium entropy,0,DSNGD,30000,0.028616582226122844
gaussian,matched,M3,Medium entropy,0,DSNGD,31000,0.028174726573340525
gaussian,matched,M3,Medium entropy,0,DSNGD,32000,0.027832105424730358
gaussian,matched,M3,Medium entropy,0,DSNGD,33000,0.026792351074965914
gaussian,matched,M3,Medium entropy,0,DSNGD,34000,0.024984550221884838
gaussian,matched,M3,Medium entropy,0,DSNGD,35000,0.024531796833755504
gaussian,matched,M3,Medium entropy,0,DSNGD,36000,0.023531954676238254
gaussian,matched,M3,Medium entropy,0,DSNGD,37000,0.02292252492268254
gaussian,matched,M3,Medium entropy,0,DSNGD,38000,0.022607130180314794
gaussian,matched,M3,Medium entropy,0,DSNGD,39000,0.022535217732889468
gaussian,matched,M3,Medium entropy,0,DSNGD,40000,0.02265368944217494
gaussian,matched,M3,Medium entropy,0,DSNGD,41000,0.021605745014853905
gaussian,matched,M3,Medium entropy,0,DSNGD,42000,0.021927932695815056
gaussian,matched,M3,Medium entropy,0,DSNGD,43000,0.021587902463049424
gaussian,matched,M3,Medium entropy,0,DSNGD,44000,0.02118488935641638
gaussian,matched,M3,Medium entropy,0,DSNGD,45000,0.020340021452689427
gaussian,matched,M3,Medium entropy,0,DSNGD,46000,0.02059434441790975
gaussian,matched,M3,Medium entropy,0,DSNGD,47000,0.02017179789387802
gaussian,matched,M3,Medium entropy,0,DSNGD,48000,0.01951406255615229
gaussian,matched,M3,Medium entropy,0,DSNGD,49000,0.01927250083731069
gaussian,matched,M3,Medium entropy,0,DSNGD,50000,0.01878830745181137
gaussian,matched,M3,Medium entropy,0,DSNGD,51000,0.0178060101249069
gaussian,matched,M3,Medium entropy,0,DSNGD,52000,0.01802885997967074
gaussian,matched,M3,Medium entropy,0,DSNGD,53000,0.01754710352224631
gaussian,matched,M3,Medium entropy,0,DSNGD,54000,0.01728826695562402
gaussian,matched,M3,Medium entropy,0,DSNGD,55000,0.016395644829588107
gaussian,matched,M3,Medium entropy,0,DSNGD,56000,0.01625675584181474
gaussian,matched,M3,Medium entropy,0,DSNGD,57000,0.016351872374960053
gaussian,matched,M3,Medium entropy,0,DSNGD,58000,0.016210290404298444
gaussian,matched,M3,Medium entropy,0,DSNGD,59000,0.01580106510371948
gaussian,matched,M3,Medium entropy,0,DSNGD,60000,0.015254792713433662
gaussian,matched,M3,Medium entropy,0,DSNGD,61000,0.01520837844634082
gaussian,matched,M3,Medium entropy,0,DSNGD,62000,0.014774145200018296
gaussian,matched,M3,Medium entropy,0,DSNGD,63000,0.014143147546449075
gaussian,matched,M3,Medium entropy,0,DSNGD,64000,0.014456636895122887
gaussian,matched,M3,Medium entropy,0,DSNGD,65000,0.014085214637947985
gaussian,matched,M3,Medium entropy,0,DSNGD,66000,0.01421597280488518
gaussian,matched,M3,Medium entropy,0,DSNGD,67000,0.014303685448724401
gaussian,matched,M3,Medium entropy,0,DSNGD,68000,0.014089573104447695
gaussian,matched,M3,Medium entropy,0,DSNGD,69000,0.013897268940238572
gaussian,matched,M3,Medium entropy,0,DSNGD,70000,0.013767351334164069
gaussian,matched,M3,Medium entropy,0,DSNGD,71000,0.013508614360115523
gaussian,matched,M3,Medium entropy,0,DSNGD,72000,0.01314485225989337
gaussian,matched,M3,Medium entropy,0,DSNGD,73000,0.012633992209826861
gaussian,matched,M3,Medium entropy,0,DSNGD,74000,0.01243496107216524
gaussian,matched,M3,Medium entropy,0,DSNGD,75000,0.012377347087027424
gaussian,matched,M3,Medium entropy,0,DSNGD,76000,0.012713513602183646
gaussian,matched,M3,Medium entropy,0,DSNGD,77000,0.012262144572619427
gaussian,matched,M3,Medium entropy,0,DSNGD,78000,0.011993435330965863
gaussian,matched,M3,Medium entropy,0,DSNGD,79000,0.011996937431029586
gaussian,matched,M3,Medium entropy,0,DSNGD,80000,0.011799368435732038
gaussian,matched,M3,Medium entropy,0,DSNGD,81000,0.011600016789885537
gaussian,matched,M3,Medium entropy,0,DSNGD,82000,0.011242093126717645
gaussian,matched,M3,Medium entropy,0,DSNGD,83000,0.010896309802560733
gaussian,matched,M3,Medium entropy,0,DSNGD,84000,0.011016832471112625
gaussian,matched,M3,Medium entropy,0,DSNGD,85000,0.010870132668341359
gaussian,matched,M3,Medium entropy,0,DSNGD,86000,0.010717074415684369
gaussian,matched,M3,Medium entropy,0,DSNGD,87000,0.010749072609516741
gaussian,matched,M3,Medium entropy,0,DSNGD,88000,0.010734274286400503
gaussian,matched,M3,Medium entropy,0,DSNGD,89000,0.010641367338375396
gaussian,matched,M3,Medium entropy,0,DSNGD,90000,0.010292298213482098
gaussian,matched,M3,Medium entropy,0,DSNGD,91000,0.009762039009464818
gaussian,matched,M3,Medium entropy,0,DSNGD,92000,0.009664913642051687
gaussian,matched,M3,Medium entropy,0,DSNGD,93000,0.00952322235932268
gaussian,matched,M3,Medium entropy,0,DSNGD,94000,0.00897418689488294
gaussian,matched,M3,Medium entropy,0,DSNGD,95000,0.008993086247719884
gaussian,matched,M3,Medium entropy,0,DSNGD,96000,0.009174163352662301
gaussian,matched,M3,Medium entropy,0,DSNGD,97000,0.009192322541536235
gaussian,matched,M3,Medium entropy,0,DSNGD,98000,0.009383629979785812
gaussian,matched,M3,Medium entropy,0,DSNGD,99000,0.00960141121429281
gaussian,matched,M3,Medium entropy,0,DSNGD,100000,0.009472164889930745
gaussian,matched,M3,Low entropy,0,SGD,0,0.8208291243123407
gaussian,matched,M3,Low entropy,0,SGD,1000,0.3262971690696612
gaussian,matched,M3,Low entropy,0,SGD,2000,0.21798517995942657
gaussian,matched,M3,Low entropy,0,SGD,3000,0.169373965987059
gaussian,matched,M3,Low entropy,0,SGD,4000,0.1430937455783119
gaussian,matched,M3,Low entropy,0,SGD,5000,0.12910371958286682
gaussian,matched,M3,Low entropy,0,SGD,6000,0.11949727958582113
gaussian,matched,M3,Low entropy,0,SGD,7000,0.11337386040476627
gaussian,matched,M3,Low entropy,0,SGD,8000,0.11160786312997928
gaussian,matched,M3,Low entropy,0,SGD,9000,0.09852710449137181
gaussian,matched,M3,Low entropy,0,SGD,10000,0.09570006077889115
gaussian,matched,M3,Low entropy,0,SGD,11000,0.09193209909960087
gaussian,matched,M3,Low entropy,0,SGD,12000,0.08970832041565835
gaussian,matched,M3,Low entropy,0,SGD,13000,0.0870433567924489
gaussian,matched,M3,Low entropy,0,SGD,14000,0.08075228268295875
gaussian,matched,M3,Low entropy,0,SGD,15000,0.0795911945282004
gaussian,matched,M3,Low entropy,0,SGD,16000,0.0746331112411518
gaussian,matched,M3,Low entropy,0,SGD,17000,0.07238301958192261
gaussian,matched,M3,Low entropy,0,SGD,18000,0.07448622100924318
gaussian,matched,M3,Low entropy,0,SGD,19000,0.07622281950788334
gaussian,matched,M3,Low entropy,0,SGD,20000,0.06798224693633426
gaussian,matched,M3,Low entropy,0,SGD,21000,0.06753649500095937
gaussian,matched,M3,Low entropy,0,SGD,22000,0.06248200283625449
gaussian,matched,M3,Low entropy,0,SGD,23000,0.061803218746633526
gaussian,matched,M3,Low entropy,0,SGD,24000,0.061454824873476976
gaussian,matched,M3,Low entropy,0,SGD,25000,0.06169255585705402
gaussian,matched,M3,Low entropy,0,SGD,26000,0.06097372765891773
gaussian,matched,M3,Low entropy,0,SGD,27000,0.06285912004781347
gaussian,matched,M3,Low entropy,0,SGD,28000,0.05540636455203529
gaussian,matched,M3,Low entropy,0,SGD,29000,0.057242860795652994
gaussian,matched,M3,Low entropy,0,SGD,30000,0.05361301152253972
gaussian,matched,M3,Low entropy,0,SGD,31000,0.054240289541756415
gaussian,matched,M3,Low entropy,0,SGD,32000,0.056220075148331716
gaussian,matched,M3,Low entropy,0,SGD,33000,0.0560367164413047
gaussian,matched,M3,Low entropy,0,SGD,34000,0.050233489859699
gaussian,matched,M3,Low entropy,0,SGD,35000,0.05223153130617675
gaussian,matched,M3,Low entropy,0,SGD,36000,0.0508069869166774
gaussian,matched,M3,Low entropy,0,SGD,37000,0.04847409400414815
gaussian,matched,M3,Low entropy,0,SGD,38000,0.04599360155881227
gaussian,matched,M3,Low entropy,0,SGD,39000,0.050185789879810816
gaussian,matched,M3,Low entropy,0,SGD,40000,0.0484867970968601
gaussian,matched,M3,Low entropy,0,SGD,41000,0.04701172952300947
gaussian,matched,M3,Low entropy,0,SGD,42000,0.045314293863924604
gaussian,matched,M3,Low entropy,0,SGD,43000,0.041084509719538254
gaussian,matched,M3,Low entropy,0,SGD,44000,0.04026324972273754
gaussian,matched,M3,Low entropy,0,SGD,45000,0.03882918130425406
gaussian,matched,M3,Low entropy,0,SGD,46000,0.04004733922220938
gaussian,matched,M3,Low entropy,0,SGD,47000,0.037778659165118356
gaussian,matched,M3,Low entropy,0,SGD,48000,0.03956413275157811
gaussian,matched,M3,Low entropy,0,SGD,49000,0.040901132044764754
gaussian,matched,M3,Low entropy,0,SGD,50000,0.038582054730708304
gaussian,matched,M3,Low entropy,0,SGD,51000,0.03636268817098687
gaussian,matched,M3,Low entropy,0,SGD,52000,0.03830014477701704
gaussian,matched,M3,Low entropy,0,SGD,53000,0.03635582564991058
gaussian,matched,M3,Low entropy,0,SGD,54000,0.037281382670993235
gaussian,matched,M3,Low entropy,0,SGD,55000,0.03517449993885169
gaussian,matched,M3,Low entropy,0,SGD,56000,0.037269760419649245
gaussian,matched,M3,Low entropy,0,SGD,57000,0.03721379027019278
gaussian,matched,M3,Low entropy,0,SGD,58000,0.037600384877072734
gaussian,matched,M3,Low entropy,0,SGD,59000,0.040051028496972396
gaussian,matched,M3,Low entropy,0,SGD,60000,0.03688216953771528
gaussian,matched,M3,Low entropy,0,SGD,61000,0.03612562848696488
gaussian,matched,M3,Low entropy,0,SGD,62000,0.03614902874737602
gaussian,matched,M3,Low entropy,0,SGD,63000,0.03391438891663734
gaussian,matched,M3,Low entropy,0,SGD,64000,0.036575883857081326
gaussian,matched,M3,Low entropy,0,SGD,65000,0.037533492578563976
gaussian,matched,M3,Low entropy,0,SGD,66000,0.034994900659225614
gaussian,matched,M3,Low entropy,0,SGD,67000,0.03273240801460009
gaussian,matched,M3,Low entropy,0,SGD,68000,0.032260097115276665
gaussian,matched,M3,Low entropy,0,SGD,69000,0.03262791251842323
gaussian,matched,M3,Low entropy,0,SGD,70000,0.031885453528723406
gaussian,matched,M3,Low entropy,0,SGD,71000,0.032990120929663025
gaussian,matched,M3,Low entropy,0,SGD,72000,0.03197791203199296
gaussian,matched,M3,Low entropy,0,SGD,73000,0.03102602611324956
gaussian,matched,M3,Low entropy,0,SGD,74000,0.030474878890323076
gaussian,matched,M3,Low entropy,0,SGD,75000,0.031015874152667156
gaussian,matched,M3,Low entropy,0,SGD,76000,0.030542974710650928
gaussian,matched,M3,Low entropy,0,SGD,77000,0.030977033560439793
gaussian,matched,M3,Low entropy,0,SGD,78000,0.0314069721173631
gaussian,matched,M3,Low entropy,0,SGD,79000,0.030609340775753502
gaussian,matched,M3,Low entropy,0,SGD,80000,0.028814532598879783
gaussian,matched,M3,Low entropy,0,SGD,81000,0.029304403113734168
gaussian,matched,M3,Low entropy,0,SGD,82000,0.030674138872999634
gaussian,matched,M3,Low entropy,0,SGD,83000,0.03066776891473344
gaussian,matched,M3,Low entropy,0,SGD,84000,0.030625920372271853
gaussian,matched,M3,Low entropy,0,SGD,85000,0.029347427533562787
gaussian,matched,M3,Low entropy,0,SGD,86000,0.029102511113093588
gaussian,matched,M3,Low entropy,0,SGD,87000,0.0280041899869099
gaussian,matched,M3,Low entropy,0,SGD,88000,0.027006375484578626
gaussian,matched,M3,Low entropy,0,SGD,89000,0.024895739163165675
gaussian,matched,M3,Low entropy,0,SGD,90000,0.025894378713390953
gaussian,matched,M3,Low entropy,0,SGD,91000,0.024576892686941854
gaussian,matched,M3,Low entropy,0,SGD,92000,0.025619932763670583
gaussian,matched,M3,Low entropy,0,SGD,93000,0.02576426035868451
gaussian,matched,M3,Low entropy,0,SGD,94000,0.02612351955605252
gaussian,matched,M3,Low entropy,0,SGD,95000,0.02455450281218763
gaussian,matched,M3,Low entropy,0,SGD,96000,0.02546486157398098
gaussian,matched,M3,Low entropy,0,SGD,97000,0.023872689850804374
gaussian,matched,M3,Low entropy,0,SGD,98000,0.02477538085172437
gaussian,matched,M3,Low entropy,0,SGD,99000,0.023545324917904953
gaussian,matched,M3,Low entropy,0,SGD,100000,0.023592347653790036
gaussian,matched,M3,Low entropy,0,AdaGrad,0,0.8208291243123407
gaussian,matched,M3,Low entropy,0,AdaGrad,1000,0.42015271358865336
gaussian,matched,M3,Low entropy,0,AdaGrad,2000,0.283891847268265
gaussian,matched,M3,Low entropy,0,AdaGrad,3000,0.2162684596270661
gaussian,matched,M3,Low entropy,0,AdaGrad,4000,0.1785707657341069
gaussian,matched,M3,Low entropy,0,AdaGrad,5000,0.15965657089522756
gaussian,matched,M3,Low entropy,0,AdaGrad,6000,0.1455432593706112
gaussian,matched,M3,Low entropy,0,AdaGrad,7000,0.13661538413527197
gaussian,matched,M3,Low entropy,0,AdaGrad,8000,0.1268845674592436
gaussian,matched,M3,Low entropy,0,AdaGrad,9000,0.11694344690320246
gaussian,matched,M3,Low entropy,0,AdaGrad,10000,0.10986672628139038
gaussian,matched,M3,Low entropy,0,AdaGrad,11000,0.10349742883004787
gaussian,matched,M3,Low entropy,0,AdaGrad,12000,0.09918809451626265
gaussian,matched,M3,Low entropy,0,AdaGrad,13000,0.09462459509647347
gaussian,matched,M3,Low entropy,0,AdaGrad,14000,0.08939090136483996
gaussian,matched,M3,Low entropy,0,AdaGrad,15000,0.08472846555660363
gaussian,matched,M3,Low entropy,0,AdaGrad,16000,0.08290077737901091
gaussian,matched,M3,Low entropy,0,AdaGrad,17000,0.07990793583872025
gaussian,matched,M3,Low entropy,0,AdaGrad,18000,0.07681615359776206
gaussian,matched,M3,Low entropy,0,AdaGrad,19000,0.0730395828264001
gaussian,matched,M3,Low entropy,0,AdaGrad,20000,0.07080204473659801
gaussian,matched,M3,Low entropy,0,AdaGrad,21000,0.06830644374869976
gaussian,matched,M3,Low entropy,0,AdaGrad,22000,0.06494099838094547
gaussian,matched,M3,Low entropy,0,AdaGrad,23000,0.06347278060214201
gaussian,matched,M3,Low entropy,0,AdaGrad,24000,0.06180291780350089
gaussian,matched,M3,Low entropy,0,AdaGrad,25000,0.059905982944023606
gaussian,matched,M3,Low entropy,0,AdaGrad,26000,0.05816974539916098
gaussian,matched,M3,Low entropy,0,AdaGrad,27000,0.056763811278380594
gaussian,matched,M3,Low entropy,0,AdaGrad,28000,0.05456334746418756
gaussian,matched,M3,Low entropy,0,AdaGrad,29000,0.053859449349605626
gaussian,matched,M3,Low entropy,0,AdaGrad,30000,0.052191266101388134
gaussian,matched,M3,Low entropy,0,AdaGrad,31000,0.05175068511533043
gaussian,matched,M3,Low entropy,0,AdaGrad,32000,0.051420035226942495
gaussian,matched,M3,Low entropy,0,AdaGrad,33000,0.05078821290487756
gaussian,matched,M3,Low entropy,0,AdaGrad,34000,0.047670814570591524
gaussian,matched,M3,Low entropy,0,AdaGrad,35000,0.047264945609337694
gaussian,matched,M3,Low entropy,0,AdaGrad,36000,0.0470279479889788
gaussian,matched,M3,Low entropy,0,AdaGrad,37000,0.04589864980870839
gaussian,matched,M3,Low entropy,0,AdaGrad,38000,0.04526605073006351
gaussian,matched,M3,Low entropy,0,AdaGrad,39000,0.04577336107661889
gaussian,matched,M3,Low entropy,0,AdaGrad,40000,0.04365822771332306
gaussian,matched,M3,Low entropy,0,AdaGrad,41000,0.04241693882155406
gaussian,matched,M3,Low entropy,0,AdaGrad,42000,0.04261236576502725
gaussian,matched,M3,Low entropy,0,AdaGrad,43000,0.04031011557801811
gaussian,matched,M3,Low entropy,0,AdaGrad,44000,0.03904783998284511
gaussian,matched,M3,Low entropy,0,AdaGrad,45000,0.03712868868431585
gaussian,matched,M3,Low entropy,0,AdaGrad,46000,0.03776264940002827
gaussian,matched,M3,Low entropy,0,AdaGrad,47000,0.036724146532987945
gaussian,matched,M3,Low entropy,0,AdaGrad,48000,0.03665798351950622
gaussian,matched,M3,Low entropy,0,AdaGrad,49000,0.036811192629190526
gaussian,matched,M3,Low entropy,0,AdaGrad,50000,0.035715053116070816
gaussian,matched,M3,Low entropy,0,AdaGrad,51000,0.03511599121700604
gaussian,matched,M3,Low entropy,0,AdaGrad,52000,0.03506974392462725
gaussian,matched,M3,Low entropy,0,AdaGrad,53000,0.03448559873856327
gaussian,matched,M3,Low entropy,0,AdaGrad,54000,0.03476794144194262
gaussian,matched,M3,Low entropy,0,AdaGrad,55000,0.03375113864853674
gaussian,matched,M3,Low entropy,0,AdaGrad,56000,0.03431417236836998
gaussian,matched,M3,Low entropy,0,AdaGrad,57000,0.0336476998142996
gaussian,matched,M3,Low entropy,0,AdaGrad,58000,0.033815749339876966
gaussian,matched,M3,Low entropy,0,AdaGrad,59000,0.03485512696804305
gaussian,matched,M3,Low entropy,0,AdaGrad,60000,0.0337439508369215
gaussian,matched,M3,Low entropy,0,AdaGrad,61000,0.03336780996029898
gaussian,matched,M3,Low entropy,0,AdaGrad,62000,0.03312273776718522
gaussian,matched,M3,Low entropy,0,AdaGrad,63000,0.03247799417392816
gaussian,matched,M3,Low entropy,0,AdaGrad,64000,0.03316018151400968
gaussian,matched,M3,Low entropy,0,AdaGrad,65000,0.03362242771314561
gaussian,matched,M3,Low entropy,0,AdaGrad,66000,0.03351767602324651
gaussian,matched,M3,Low entropy,0,AdaGrad,67000,0.03204774078027528
gaussian,matched,M3,Low entropy,0,AdaGrad,68000,0.031809103116038795
gaussian,matched,M3,Low entropy,0,AdaGrad,69000,0.03143619469277814
gaussian,matched,M3,Low entropy,0,AdaGrad,70000,0.03104962666649902
gaussian,matched,M3,Low entropy,0,AdaGrad,71000,0.03127602717012268
gaussian,matched,M3,Low entropy,0,AdaGrad,72000,0.03083608559346107
gaussian,matched,M3,Low entropy,0,AdaGrad,73000,0.030464926303658935
gaussian,matched,M3,Low entropy,0,AdaGrad,74000,0.02991490634025018
gaussian,matched,M3,Low entropy,0,AdaGrad,75000,0.030035162274667737
gaussian,matched,M3,Low entropy,0,AdaGrad,76000,0.029822711110794486
gaussian,matched,M3,Low entropy,0,AdaGrad,77000,0.029852678011250244
gaussian,matched,M3,Low entropy,0,AdaGrad,78000,0.030105065904748596
gaussian,matched,M3,Low entropy,0,AdaGrad,79000,0.029529899357291445
gaussian,matched,M3,Low entropy,0,AdaGrad,80000,0.028832690817495177
gaussian,matched,M3,Low entropy,0,AdaGrad,81000,0.02878172187944772
gaussian,matched,M3,Low entropy,0,AdaGrad,82000,0.02893347547863856
gaussian,matched,M3,Low entropy,0,AdaGrad,83000,0.029128775737199852
gaussian,matched,M3,Low entropy,0,AdaGrad,84000,0.02894371398907758
gaussian,matched,M3,Low entropy,0,AdaGrad,85000,0.02784184916028387
gaussian,matched,M3,Low entropy,0,AdaGrad,86000,0.02755737309573325
gaussian,matched,M3,Low entropy,0,AdaGrad,87000,0.026837360765937568
gaussian,matched,M3,Low entropy,0,AdaGrad,88000,0.02623088117004091
gaussian,matched,M3,Low entropy,0,AdaGrad,89000,0.02539747143926041
gaussian,matched,M3,Low entropy,0,AdaGrad,90000,0.02541570671874549
gaussian,matched,M3,Low entropy,0,AdaGrad,91000,0.024839325331865503
gaussian,matched,M3,Low entropy,0,AdaGrad,92000,0.024913305157092225
gaussian,matched,M3,Low entropy,0,AdaGrad,93000,0.025400854455774446
gaussian,matched,M3,Low entropy,0,AdaGrad,94000,0.02569606117381884
gaussian,matched,M3,Low entropy,0,AdaGrad,95000,0.02508806635565275
gaussian,matched,M3,Low entropy,0,AdaGrad,96000,0.025652401857180873
gaussian,matched,M3,Low entropy,0,AdaGrad,97000,0.024472162405162923
gaussian,matched,M3,Low entropy,0,AdaGrad,98000,0.024546629275535636
gaussian,matched,M3,Low entropy,0,AdaGrad,99000,0.02399625277811035
gaussian,matched,M3,Low entropy,0,AdaGrad,100000,0.024141121260164766
gaussian,matched,M3,Low entropy,0,DSNGD,0,0.8208291243123407
gaussian,matched,M3,Low entropy,0,DSNGD,1000,0.27740897366698736
gaussian,matched,M3,Low entropy,0,DSNGD,2000,0.1979479098400181
gaussian,matched,M3,Low entropy,0,DSNGD,3000,0.1457596460700077
gaussian,matched,M3,Low entropy,0,DSNGD,4000,0.123874620195779
gaussian,matched,M3,Low entropy,0,DSNGD,5000,0.11016931241409145
gaussian,matched,M3,Low entropy,0,DSNGD,6000,0.09727803711713001
gaussian,matched,M3,Low entropy,0,DSNGD,7000,0.08968354690975033
gaussian,matched,M3,Low entropy,0,DSNGD,8000,0.0811248332359571
gaussian,matched,M3,Low entropy,0,DSNGD,9000,0.07294993543846662
gaussian,matched,M3,Low entropy,0,DSNGD,10000,0.06582822632541863
gaussian,matched,M3,Low entropy,0,DSNGD,11000,0.06036013612362279
gaussian,matched,M3,Low entropy,0,DSNGD,12000,0.05743351614880998
gaussian,matched,M3,Low entropy,0,DSNGD,13000,0.053880795153280925
gaussian,matched,M3,Low entropy,0,DSNGD,14000,0.05211482769137987
gaussian,matched,M3,Low entropy,0,DSNGD,15000,0.04777684939328708
gaussian,matched,M3,Low entropy,0,DSNGD,16000,0.047872895793478865
gaussian,matched,M3,Low entropy,0,DSNGD,17000,0.04589182031950001
gaussian,matched,M3,Low entropy,0,DSNGD,18000,0.04292011143414731
gaussian,matched,M3,Low entropy,0,DSNGD,19000,0.03975227700502071
gaussian,matched,M3,Low entropy,0,DSNGD,20000,0.03903160529461225
gaussian,matched,M3,Low entropy,0,DSNGD,21000,0.03722719000469299
gaussian,matched,M3,Low entropy,0,DSNGD,22000,0.035433064458912256
gaussian,matched,M3,Low entropy,0,DSNGD,23000,0.034536245061411286
gaussian,matched,M3,Low entropy,0,DSNGD,24000,0.033283699779256715
gaussian,matched,M3,Low entropy,0,DSNGD,25000,0.03225863154061326
gaussian,matched,M3,Low entropy,0,DSNGD,26000,0.03094295621579679
gaussian,matched,M3,Low entropy,0,DSNGD,27000,0.029374598812276886
gaussian,matched,M3,Low entropy,0,DSNGD,28000,0.02877587208405208
gaussian,matched,M3,Low entropy,0,DSNGD,29000,0.02823703557452939
gaussian,matched,M3,Low entropy,0,DSNGD,30000,0.02722463604438019
gaussian,matched,M3,Low entropy,0,DSNGD,31000,0.02625705855286764
gaussian,matched,M3,Low entropy,0,DSNGD,32000,0.02591995527630564
gaussian,matched,M3,Low entropy,0,DSNGD,33000,0.025273659585478114
gaussian,matched,M3,Low entropy,0,DSNGD,34000,0.024295362886880056
gaussian,matched,M3,Low entropy,0,DSNGD,35000,0.02343809445018863
gaussian,matched,M3,Low entropy,0,DSNGD,36000,0.023058695230448123
gaussian,matched,M3,Low entropy,0,DSNGD,37000,0.02287037988168672
gaussian,matched,M3,Low entropy,0,DSNGD,38000,0.022771881829773744
gaussian,matched,M3,Low entropy,0,DSNGD,39000,0.02234999532912818
gaussian,matched,M3,Low entropy,0,DSNGD,40000,0.02082783732674498
gaussian,matched,M3,Low entropy,0,DSNGD,41000,0.019399028123286755
gaussian,matched,M3,Low entropy,0,DSNGD,42000,0.019166306538421995
gaussian,matched,M3,Low entropy,0,DSNGD,43000,0.0189482829021399
gaussian,matched,M3,Low entropy,0,DSNGD,44000,0.01858716181548381
gaussian,matched,M3,Low entropy,0,DSNGD,45000,0.01717134011002841
gaussian,matched,M3,Low entropy,0,DSNGD,46000,0.01752300541191021
gaussian,matched,M3,Low entropy,0,DSNGD,47000,0.017137237822581586
gaussian,matched,M3,Low entropy,0,DSNGD,48000,0.0171335137585924
gaussian,matched,M3,Low entropy,0,DSNGD,49000,0.01685270009862716
gaussian,matched,M3,Low entropy,0,DSNGD,50000,0.016312487007168475
gaussian,matched,M3,Low entropy,0,DSNGD,51000,0.01608183748467562
gaussian,matched,M3,Low entropy,0,DSNGD,52000,0.015655197650296326
gaussian,matched,M3,Low entropy,0,DSNGD,53000,0.015566061313180946
gaussian,matched,M3,Low entropy,0,DSNGD,54000,0.015472880976140857
gaussian,matched,M3,Low entropy,0,DSNGD,55000,0.015030651958723773
gaussian,matched,M3,Low entropy,0,DSNGD,56000,0.014893188330511453
gaussian,matched,M3,Low entropy,0,DSNGD,57000,0.01443172765389944
gaussian,matched,M3,Low entropy,0,DSNGD,58000,0.014400283027364402
gaussian,matched,M3,Low entropy,0,DSNGD,59000,0.014341308472024306
gaussian,matched,M3,Low entropy,0,DSNGD,60000,0.013981588023251668
gaussian,matched,M3,Low entropy,0,DSNGD,61000,0.013877256013766548
gaussian,matched,M3,Low entropy,0,DSNGD,62000,0.013728090918181834
gaussian,matched,M3,Low entropy,0,DSNGD,63000,0.013619504404741356
gaussian,matched,M3,Low entropy,0,DSNGD,64000,0.013617020861317553
gaussian,matched,M3,Low entropy,0,DSNGD,65000,0.013889991701935944
gaussian,matched,M3,Low entropy,0,DSNGD,66000,0.013986792424189876
gaussian,matched,M3,Low entropy,0,DSNGD,67000,0.013619974084359221
gaussian,matched,M3,Low entropy,0,DSNGD,68000,0.013546198795128639
gaussian,matched,M3,Low entropy,0,DSNGD,69000,0.013205111190016439
gaussian,matched,M3,Low entropy,0,DSNGD,70000,0.013043122470508983
gaussian,matched,M3,Low entropy,0,DSNGD,71000,0.012982942156120725
gaussian,matched,M3,Low entropy,0,DSNGD,72000,0.012761129004268845
gaussian,matched,M3,Low entropy,0,DSNGD,73000,0.012594204711406931
gaussian,matched,M3,Low entropy,0,DSNGD,74000,0.012158954471903183
gaussian,matched,M3,Low entropy,0,DSNGD,75000,0.012135245625821689
gaussian,matched,M3,Low entropy,0,DSNGD,76000,0.012135068639427704
gaussian,matched,M3,Low entropy,0,DSNGD,77000,0.01181550320457303
gaussian,matched,M3,Low entropy,0,DSNGD,78000,0.011893340693884369
gaussian,matched,M3,Low entropy,0,DSNGD,79000,0.01179488187830069
gaussian,matched,M3,Low entropy,0,DSNGD,80000,0.011549921191869483
gaussian,matched,M3,Low entropy,0,DSNGD,81000,0.011367521421993043
gaussian,matched,M3,Low entropy,0,DSNGD,82000,0.011203831727799152
gaussian,matched,M3,Low entropy,0,DSNGD,83000,0.011123541471211862
gaussian,matched,M3,Low entropy,0,DSNGD,84000,0.010982795212212793
gaussian,matched,M3,Low entropy,0,DSNGD,85000,0.010635613282707013
gaussian,matched,M3,Low entropy,0,DSNGD,86000,0.010373840385718314
gaussian,matched,M3,Low entropy,0,DSNGD,87000,0.01008278575437771
gaussian,matched,M3,Low entropy,0,DSNGD,88000,0.00986687204869563
gaussian,matched,M3,Low entropy,0,DSNGD,89000,0.009687889806149208
gaussian,matched,M3,Low entropy,0,DSNGD,90000,0.0095718247481682
gaussian,matched,M3,Low entropy,0,DSNGD,91000,0.009246478137450609
gaussian,matched,M3,Low entropy,0,DSNGD,92000,0.00904030047840898
gaussian,matched,M3,Low entropy,0,DSNGD,93000,0.009200024277092211
gaussian,matched,M3,Low entropy,0,DSNGD,94000,0.009245178081527694
gaussian,matched,M3,Low entropy,0,DSNGD,95000,0.009058045806385362
gaussian,matched,M3,Low entropy,0,DSNGD,96000,0.009175591549820172
gaussian,matched,M3,Low entropy,0,DSNGD,97000,0.008684160175402855
gaussian,matched,M3,Low entropy,0,DSNGD,98000,0.008622391955278808
gaussian,matched,M3,Low entropy,0,DSNGD,99000,0.008280915350461271
gaussian,matched,M3,Low entropy,0,DSNGD,100000,0.008331585648622575
